{
  "id": "2073009",
  "name": "电气工程常用字母和符号",
  "font_family": "ltdx",
  "css_prefix_text": "tdx-",
  "description": "",
  "glyphs": [
    {
      "icon_id": "22485069",
      "name": "空调机",
      "font_class": "kongtiaoji",
      "unicode": "ea69",
      "unicode_decimal": 60009
    },
    {
      "icon_id": "22485070",
      "name": "冷水组符号",
      "font_class": "lengshuizufuhao",
      "unicode": "ea6a",
      "unicode_decimal": 60010
    },
    {
      "icon_id": "22485071",
      "name": "电动蝶阀符号",
      "font_class": "diandongdiefafuhao",
      "unicode": "ea6b",
      "unicode_decimal": 60011
    },
    {
      "icon_id": "22485072",
      "name": "风阀符号",
      "font_class": "fengfafuhao",
      "unicode": "ea6c",
      "unicode_decimal": 60012
    },
    {
      "icon_id": "22485073",
      "name": "电梯",
      "font_class": "dianti",
      "unicode": "ea6d",
      "unicode_decimal": 60013
    },
    {
      "icon_id": "22485074",
      "name": "风扇",
      "font_class": "fengshan",
      "unicode": "ea6e",
      "unicode_decimal": 60014
    },
    {
      "icon_id": "22485075",
      "name": "冷却塔符号",
      "font_class": "lengquetafuhao",
      "unicode": "ea6f",
      "unicode_decimal": 60015
    },
    {
      "icon_id": "22485076",
      "name": "水系统水泵符号",
      "font_class": "shuixitongshuibengfuhao",
      "unicode": "ea70",
      "unicode_decimal": 60016
    },
    {
      "icon_id": "22485077",
      "name": "手扶梯梯",
      "font_class": "shoufutiti",
      "unicode": "ea71",
      "unicode_decimal": 60017
    },
    {
      "icon_id": "21459748",
      "name": "5-7-7",
      "font_class": "5-7-7",
      "unicode": "ea68",
      "unicode_decimal": 60008
    },
    {
      "icon_id": "21439582",
      "name": "5-7-5",
      "font_class": "5-7-5",
      "unicode": "ea67",
      "unicode_decimal": 60007
    },
    {
      "icon_id": "21439074",
      "name": "5-7-4",
      "font_class": "5-7-4",
      "unicode": "ea66",
      "unicode_decimal": 60006
    },
    {
      "icon_id": "21436178",
      "name": "5-7-3",
      "font_class": "5-7-3",
      "unicode": "ea65",
      "unicode_decimal": 60005
    },
    {
      "icon_id": "21431916",
      "name": "5-7-1",
      "font_class": "5-7-1",
      "unicode": "ea63",
      "unicode_decimal": 60003
    },
    {
      "icon_id": "21431917",
      "name": "5-7-2",
      "font_class": "5-7-2",
      "unicode": "ea64",
      "unicode_decimal": 60004
    },
    {
      "icon_id": "21412993",
      "name": "5-6-5",
      "font_class": "5-6-5",
      "unicode": "ea62",
      "unicode_decimal": 60002
    },
    {
      "icon_id": "21412506",
      "name": "5-6-4",
      "font_class": "5-6-4",
      "unicode": "ea61",
      "unicode_decimal": 60001
    },
    {
      "icon_id": "21412221",
      "name": "5-6-2",
      "font_class": "5-6-2",
      "unicode": "ea5e",
      "unicode_decimal": 59998
    },
    {
      "icon_id": "21412222",
      "name": "5-6-1",
      "font_class": "5-6-1",
      "unicode": "ea5f",
      "unicode_decimal": 59999
    },
    {
      "icon_id": "21412223",
      "name": "5-6-3",
      "font_class": "5-6-3",
      "unicode": "ea60",
      "unicode_decimal": 60000
    },
    {
      "icon_id": "21216852",
      "name": "4.25",
      "font_class": "425",
      "unicode": "ea5d",
      "unicode_decimal": 59997
    },
    {
      "icon_id": "20209963",
      "name": "5JPT",
      "font_class": "5JPT",
      "unicode": "e7b1",
      "unicode_decimal": 59313
    },
    {
      "icon_id": "20209966",
      "name": "变压器4",
      "font_class": "bianyaqi4",
      "unicode": "e7b4",
      "unicode_decimal": 59316
    },
    {
      "icon_id": "20209968",
      "name": "LA-1",
      "font_class": "LA-1",
      "unicode": "e7b6",
      "unicode_decimal": 59318
    },
    {
      "icon_id": "20209971",
      "name": "发电机",
      "font_class": "fadianji",
      "unicode": "e7b9",
      "unicode_decimal": 59321
    },
    {
      "icon_id": "20209976",
      "name": "hzz",
      "font_class": "hzz",
      "unicode": "e7be",
      "unicode_decimal": 59326
    },
    {
      "icon_id": "20209979",
      "name": "LA-2",
      "font_class": "LA-2",
      "unicode": "e7c1",
      "unicode_decimal": 59329
    },
    {
      "icon_id": "20209984",
      "name": "hyjd",
      "font_class": "hyjd",
      "unicode": "e7c6",
      "unicode_decimal": 59334
    },
    {
      "icon_id": "19217298",
      "name": "3",
      "font_class": "3",
      "unicode": "e79a",
      "unicode_decimal": 59290
    },
    {
      "icon_id": "19217299",
      "name": "12",
      "font_class": "12",
      "unicode": "e79b",
      "unicode_decimal": 59291
    },
    {
      "icon_id": "19217300",
      "name": "13",
      "font_class": "13",
      "unicode": "e79c",
      "unicode_decimal": 59292
    },
    {
      "icon_id": "19217301",
      "name": "14",
      "font_class": "14",
      "unicode": "e79d",
      "unicode_decimal": 59293
    },
    {
      "icon_id": "19217302",
      "name": "10",
      "font_class": "10",
      "unicode": "e79e",
      "unicode_decimal": 59294
    },
    {
      "icon_id": "19393821",
      "name": "17",
      "font_class": "17",
      "unicode": "e7a1",
      "unicode_decimal": 59297
    },
    {
      "icon_id": "17033261",
      "name": "电容器",
      "font_class": "dianrongqi",
      "unicode": "e618",
      "unicode_decimal": 58904
    },
    {
      "icon_id": "17033303",
      "name": "滤波器",
      "font_class": "lvboqi",
      "unicode": "e61a",
      "unicode_decimal": 58906
    },
    {
      "icon_id": "18497052",
      "name": "3-02",
      "font_class": "3-02",
      "unicode": "e78b",
      "unicode_decimal": 59275
    },
    {
      "icon_id": "21043970",
      "name": "2-256",
      "font_class": "2-256",
      "unicode": "ea5c",
      "unicode_decimal": 59996
    },
    {
      "icon_id": "21042962",
      "name": "2-228",
      "font_class": "2-228",
      "unicode": "ea56",
      "unicode_decimal": 59990
    },
    {
      "icon_id": "21042963",
      "name": "2-227",
      "font_class": "2-227",
      "unicode": "ea57",
      "unicode_decimal": 59991
    },
    {
      "icon_id": "21042964",
      "name": "2-229",
      "font_class": "2-229",
      "unicode": "ea58",
      "unicode_decimal": 59992
    },
    {
      "icon_id": "21042965",
      "name": "2-224",
      "font_class": "2-224",
      "unicode": "ea59",
      "unicode_decimal": 59993
    },
    {
      "icon_id": "21042966",
      "name": "2-225",
      "font_class": "2-225",
      "unicode": "ea5a",
      "unicode_decimal": 59994
    },
    {
      "icon_id": "21042967",
      "name": "2-226",
      "font_class": "2-226",
      "unicode": "ea5b",
      "unicode_decimal": 59995
    },
    {
      "icon_id": "21040534",
      "name": "2-127",
      "font_class": "2-127",
      "unicode": "ea55",
      "unicode_decimal": 59989
    },
    {
      "icon_id": "21039711",
      "name": "2-095",
      "font_class": "2-095",
      "unicode": "ea54",
      "unicode_decimal": 59988
    },
    {
      "icon_id": "21039709",
      "name": "2-093",
      "font_class": "2-093",
      "unicode": "ea53",
      "unicode_decimal": 59987
    },
    {
      "icon_id": "21039705",
      "name": "2-091",
      "font_class": "2-091",
      "unicode": "ea00",
      "unicode_decimal": 59904
    },
    {
      "icon_id": "21039619",
      "name": "2-083",
      "font_class": "2-083",
      "unicode": "e9ff",
      "unicode_decimal": 59903
    },
    {
      "icon_id": "21039620",
      "name": "2-081",
      "font_class": "2-081",
      "unicode": "ea01",
      "unicode_decimal": 59905
    },
    {
      "icon_id": "21039621",
      "name": "2-089",
      "font_class": "2-089",
      "unicode": "ea4f",
      "unicode_decimal": 59983
    },
    {
      "icon_id": "21039622",
      "name": "2-087",
      "font_class": "2-087",
      "unicode": "ea50",
      "unicode_decimal": 59984
    },
    {
      "icon_id": "21039623",
      "name": "2-080",
      "font_class": "2-080",
      "unicode": "ea51",
      "unicode_decimal": 59985
    },
    {
      "icon_id": "21039624",
      "name": "2-082",
      "font_class": "2-082",
      "unicode": "ea52",
      "unicode_decimal": 59986
    },
    {
      "icon_id": "21037969",
      "name": "2-070",
      "font_class": "2-0701",
      "unicode": "e9fa",
      "unicode_decimal": 59898
    },
    {
      "icon_id": "21037970",
      "name": "2-075",
      "font_class": "2-075",
      "unicode": "e9fd",
      "unicode_decimal": 59901
    },
    {
      "icon_id": "21037971",
      "name": "2-072",
      "font_class": "2-072",
      "unicode": "ea47",
      "unicode_decimal": 59975
    },
    {
      "icon_id": "21037972",
      "name": "2-078",
      "font_class": "2-078",
      "unicode": "ea48",
      "unicode_decimal": 59976
    },
    {
      "icon_id": "21037973",
      "name": "2-074",
      "font_class": "2-074",
      "unicode": "ea49",
      "unicode_decimal": 59977
    },
    {
      "icon_id": "21037974",
      "name": "2-076",
      "font_class": "2-076",
      "unicode": "ea4a",
      "unicode_decimal": 59978
    },
    {
      "icon_id": "21037975",
      "name": "2-079",
      "font_class": "2-079",
      "unicode": "ea4b",
      "unicode_decimal": 59979
    },
    {
      "icon_id": "21037976",
      "name": "2-073",
      "font_class": "2-073",
      "unicode": "ea4c",
      "unicode_decimal": 59980
    },
    {
      "icon_id": "21037977",
      "name": "2-071",
      "font_class": "2-071",
      "unicode": "ea4d",
      "unicode_decimal": 59981
    },
    {
      "icon_id": "21037978",
      "name": "2-077",
      "font_class": "2-077",
      "unicode": "ea4e",
      "unicode_decimal": 59982
    },
    {
      "icon_id": "21037879",
      "name": "2-070",
      "font_class": "2-070",
      "unicode": "e9a2",
      "unicode_decimal": 59810
    },
    {
      "icon_id": "21037246",
      "name": "2-061",
      "font_class": "2-061",
      "unicode": "e9ea",
      "unicode_decimal": 59882
    },
    {
      "icon_id": "21037247",
      "name": "2-062",
      "font_class": "2-062",
      "unicode": "e9eb",
      "unicode_decimal": 59883
    },
    {
      "icon_id": "21037248",
      "name": "2-063",
      "font_class": "2-063",
      "unicode": "e9ef",
      "unicode_decimal": 59887
    },
    {
      "icon_id": "21037249",
      "name": "2-066",
      "font_class": "2-066",
      "unicode": "e9f4",
      "unicode_decimal": 59892
    },
    {
      "icon_id": "21037250",
      "name": "2-064",
      "font_class": "2-064",
      "unicode": "e9f8",
      "unicode_decimal": 59896
    },
    {
      "icon_id": "21037251",
      "name": "2-060",
      "font_class": "2-060",
      "unicode": "e9fb",
      "unicode_decimal": 59899
    },
    {
      "icon_id": "21037252",
      "name": "2-068",
      "font_class": "2-068",
      "unicode": "ea43",
      "unicode_decimal": 59971
    },
    {
      "icon_id": "21037253",
      "name": "2-065",
      "font_class": "2-065",
      "unicode": "ea44",
      "unicode_decimal": 59972
    },
    {
      "icon_id": "21037254",
      "name": "2-067",
      "font_class": "2-067",
      "unicode": "ea45",
      "unicode_decimal": 59973
    },
    {
      "icon_id": "21037255",
      "name": "2-069",
      "font_class": "2-069",
      "unicode": "ea46",
      "unicode_decimal": 59974
    },
    {
      "icon_id": "21025090",
      "name": "2-009",
      "font_class": "2-009",
      "unicode": "ea42",
      "unicode_decimal": 59970
    },
    {
      "icon_id": "21017071",
      "name": "1-033",
      "font_class": "1-033",
      "unicode": "ea41",
      "unicode_decimal": 59969
    },
    {
      "icon_id": "21005980",
      "name": "2-236svg",
      "font_class": "2-236svg",
      "unicode": "ebe9",
      "unicode_decimal": 60393
    },
    {
      "icon_id": "21005981",
      "name": "2-238svg",
      "font_class": "2-238svg",
      "unicode": "ebea",
      "unicode_decimal": 60394
    },
    {
      "icon_id": "21005982",
      "name": "2-244svg",
      "font_class": "2-244svg",
      "unicode": "ebeb",
      "unicode_decimal": 60395
    },
    {
      "icon_id": "21005983",
      "name": "2-242svg",
      "font_class": "2-242svg",
      "unicode": "ebec",
      "unicode_decimal": 60396
    },
    {
      "icon_id": "21005984",
      "name": "2-243svg",
      "font_class": "2-243svg",
      "unicode": "ebed",
      "unicode_decimal": 60397
    },
    {
      "icon_id": "21005985",
      "name": "2-245svg",
      "font_class": "2-245svg",
      "unicode": "ebee",
      "unicode_decimal": 60398
    },
    {
      "icon_id": "21005986",
      "name": "2-237svg",
      "font_class": "2-237svg",
      "unicode": "ebef",
      "unicode_decimal": 60399
    },
    {
      "icon_id": "21005987",
      "name": "2-241svg",
      "font_class": "2-241svg",
      "unicode": "ebf0",
      "unicode_decimal": 60400
    },
    {
      "icon_id": "21005988",
      "name": "2-248",
      "font_class": "2-248",
      "unicode": "ebf1",
      "unicode_decimal": 60401
    },
    {
      "icon_id": "21005989",
      "name": "2-253",
      "font_class": "2-253",
      "unicode": "ebf2",
      "unicode_decimal": 60402
    },
    {
      "icon_id": "21005990",
      "name": "2-246svg",
      "font_class": "2-246svg",
      "unicode": "ebf3",
      "unicode_decimal": 60403
    },
    {
      "icon_id": "21005991",
      "name": "2-257",
      "font_class": "2-257",
      "unicode": "ebf4",
      "unicode_decimal": 60404
    },
    {
      "icon_id": "21005992",
      "name": "2-252",
      "font_class": "2-252",
      "unicode": "ebf5",
      "unicode_decimal": 60405
    },
    {
      "icon_id": "21005993",
      "name": "2-259",
      "font_class": "2-259",
      "unicode": "ebf6",
      "unicode_decimal": 60406
    },
    {
      "icon_id": "21005994",
      "name": "2-254",
      "font_class": "2-254",
      "unicode": "ebf7",
      "unicode_decimal": 60407
    },
    {
      "icon_id": "21005995",
      "name": "2-040",
      "font_class": "2-040",
      "unicode": "ebf8",
      "unicode_decimal": 60408
    },
    {
      "icon_id": "21005996",
      "name": "2-263",
      "font_class": "2-263",
      "unicode": "ebf9",
      "unicode_decimal": 60409
    },
    {
      "icon_id": "21005997",
      "name": "2-044",
      "font_class": "2-044",
      "unicode": "ebfa",
      "unicode_decimal": 60410
    },
    {
      "icon_id": "21005998",
      "name": "2-265",
      "font_class": "2-265",
      "unicode": "ebfb",
      "unicode_decimal": 60411
    },
    {
      "icon_id": "21005999",
      "name": "2-267",
      "font_class": "2-267",
      "unicode": "ebfc",
      "unicode_decimal": 60412
    },
    {
      "icon_id": "21006000",
      "name": "2-247",
      "font_class": "2-247",
      "unicode": "ebfd",
      "unicode_decimal": 60413
    },
    {
      "icon_id": "21006001",
      "name": "2-264",
      "font_class": "2-264",
      "unicode": "ebfe",
      "unicode_decimal": 60414
    },
    {
      "icon_id": "21006002",
      "name": "2-269",
      "font_class": "2-269",
      "unicode": "ebff",
      "unicode_decimal": 60415
    },
    {
      "icon_id": "21006003",
      "name": "2-266",
      "font_class": "2-266",
      "unicode": "ec00",
      "unicode_decimal": 60416
    },
    {
      "icon_id": "21006004",
      "name": "2-262",
      "font_class": "2-262",
      "unicode": "ec01",
      "unicode_decimal": 60417
    },
    {
      "icon_id": "21006005",
      "name": "2-273",
      "font_class": "2-273",
      "unicode": "ec02",
      "unicode_decimal": 60418
    },
    {
      "icon_id": "21006006",
      "name": "2-271",
      "font_class": "2-271",
      "unicode": "ec03",
      "unicode_decimal": 60419
    },
    {
      "icon_id": "21006007",
      "name": "2-261",
      "font_class": "2-261",
      "unicode": "ec04",
      "unicode_decimal": 60420
    },
    {
      "icon_id": "21006008",
      "name": "2-278",
      "font_class": "2-278",
      "unicode": "ec05",
      "unicode_decimal": 60421
    },
    {
      "icon_id": "21006009",
      "name": "2-272",
      "font_class": "2-272",
      "unicode": "ec06",
      "unicode_decimal": 60422
    },
    {
      "icon_id": "21006010",
      "name": "2-276",
      "font_class": "2-276",
      "unicode": "ec07",
      "unicode_decimal": 60423
    },
    {
      "icon_id": "21006011",
      "name": "2-270",
      "font_class": "2-270",
      "unicode": "ec08",
      "unicode_decimal": 60424
    },
    {
      "icon_id": "21006012",
      "name": "2-274",
      "font_class": "2-274",
      "unicode": "ec09",
      "unicode_decimal": 60425
    },
    {
      "icon_id": "21006013",
      "name": "2-279",
      "font_class": "2-279",
      "unicode": "ec0a",
      "unicode_decimal": 60426
    },
    {
      "icon_id": "21006014",
      "name": "2-054",
      "font_class": "2-054",
      "unicode": "ec0b",
      "unicode_decimal": 60427
    },
    {
      "icon_id": "21006015",
      "name": "2-283",
      "font_class": "2-283",
      "unicode": "ec0c",
      "unicode_decimal": 60428
    },
    {
      "icon_id": "21006016",
      "name": "2-282",
      "font_class": "2-282",
      "unicode": "ec0d",
      "unicode_decimal": 60429
    },
    {
      "icon_id": "21006017",
      "name": "2-260",
      "font_class": "2-260",
      "unicode": "ec0e",
      "unicode_decimal": 60430
    },
    {
      "icon_id": "21006018",
      "name": "2-285",
      "font_class": "2-285",
      "unicode": "ec0f",
      "unicode_decimal": 60431
    },
    {
      "icon_id": "21006019",
      "name": "2-284",
      "font_class": "2-284",
      "unicode": "ec10",
      "unicode_decimal": 60432
    },
    {
      "icon_id": "21006020",
      "name": "2-280",
      "font_class": "2-280",
      "unicode": "ec11",
      "unicode_decimal": 60433
    },
    {
      "icon_id": "21006021",
      "name": "3-186",
      "font_class": "3-186",
      "unicode": "ec12",
      "unicode_decimal": 60434
    },
    {
      "icon_id": "21006022",
      "name": "2-289",
      "font_class": "2-289",
      "unicode": "ec13",
      "unicode_decimal": 60435
    },
    {
      "icon_id": "21006023",
      "name": "3-187",
      "font_class": "3-187",
      "unicode": "ec14",
      "unicode_decimal": 60436
    },
    {
      "icon_id": "21006024",
      "name": "3-185",
      "font_class": "3-185",
      "unicode": "ec15",
      "unicode_decimal": 60437
    },
    {
      "icon_id": "21006026",
      "name": "3-188",
      "font_class": "3-188",
      "unicode": "ec17",
      "unicode_decimal": 60439
    },
    {
      "icon_id": "21006028",
      "name": "3-189",
      "font_class": "3-189",
      "unicode": "ec19",
      "unicode_decimal": 60441
    },
    {
      "icon_id": "21006029",
      "name": "3-195",
      "font_class": "3-195",
      "unicode": "ec1a",
      "unicode_decimal": 60442
    },
    {
      "icon_id": "21006030",
      "name": "3-198",
      "font_class": "3-198",
      "unicode": "ec1b",
      "unicode_decimal": 60443
    },
    {
      "icon_id": "21006031",
      "name": "3-196",
      "font_class": "3-196",
      "unicode": "ec1c",
      "unicode_decimal": 60444
    },
    {
      "icon_id": "21006032",
      "name": "3-190",
      "font_class": "3-190",
      "unicode": "ec1d",
      "unicode_decimal": 60445
    },
    {
      "icon_id": "21006033",
      "name": "3-199",
      "font_class": "3-199",
      "unicode": "ec1e",
      "unicode_decimal": 60446
    },
    {
      "icon_id": "21006034",
      "name": "3-204",
      "font_class": "3-204",
      "unicode": "ec1f",
      "unicode_decimal": 60447
    },
    {
      "icon_id": "21006035",
      "name": "1-325",
      "font_class": "1-325",
      "unicode": "ec20",
      "unicode_decimal": 60448
    },
    {
      "icon_id": "21006037",
      "name": "3-206",
      "font_class": "3-206",
      "unicode": "ec22",
      "unicode_decimal": 60450
    },
    {
      "icon_id": "21006038",
      "name": "3-201",
      "font_class": "3-201",
      "unicode": "ec23",
      "unicode_decimal": 60451
    },
    {
      "icon_id": "21006039",
      "name": "3-207",
      "font_class": "3-207",
      "unicode": "ec24",
      "unicode_decimal": 60452
    },
    {
      "icon_id": "21006040",
      "name": "2-277",
      "font_class": "2-277",
      "unicode": "ec25",
      "unicode_decimal": 60453
    },
    {
      "icon_id": "21006041",
      "name": "3-211",
      "font_class": "3-211",
      "unicode": "ec26",
      "unicode_decimal": 60454
    },
    {
      "icon_id": "21006042",
      "name": "3-209",
      "font_class": "3-209",
      "unicode": "ec27",
      "unicode_decimal": 60455
    },
    {
      "icon_id": "21006043",
      "name": "2-092",
      "font_class": "2-092",
      "unicode": "ec28",
      "unicode_decimal": 60456
    },
    {
      "icon_id": "21006044",
      "name": "3-210",
      "font_class": "3-210",
      "unicode": "ec29",
      "unicode_decimal": 60457
    },
    {
      "icon_id": "21006045",
      "name": "4-001",
      "font_class": "4-001",
      "unicode": "ec2a",
      "unicode_decimal": 60458
    },
    {
      "icon_id": "21006046",
      "name": "3-208",
      "font_class": "3-208",
      "unicode": "ec2b",
      "unicode_decimal": 60459
    },
    {
      "icon_id": "21006047",
      "name": "3-213",
      "font_class": "3-213",
      "unicode": "ec2c",
      "unicode_decimal": 60460
    },
    {
      "icon_id": "21006048",
      "name": "3-197",
      "font_class": "3-197",
      "unicode": "ec2d",
      "unicode_decimal": 60461
    },
    {
      "icon_id": "21006049",
      "name": "4-003",
      "font_class": "4-003",
      "unicode": "ec2e",
      "unicode_decimal": 60462
    },
    {
      "icon_id": "21006050",
      "name": "2-094",
      "font_class": "2-094",
      "unicode": "ec2f",
      "unicode_decimal": 60463
    },
    {
      "icon_id": "21006051",
      "name": "4-005",
      "font_class": "4-005",
      "unicode": "ec30",
      "unicode_decimal": 60464
    },
    {
      "icon_id": "21006052",
      "name": "4-002",
      "font_class": "4-002",
      "unicode": "ec31",
      "unicode_decimal": 60465
    },
    {
      "icon_id": "21006053",
      "name": "4-006",
      "font_class": "4-006",
      "unicode": "ec32",
      "unicode_decimal": 60466
    },
    {
      "icon_id": "21006054",
      "name": "4-004",
      "font_class": "4-004",
      "unicode": "ec33",
      "unicode_decimal": 60467
    },
    {
      "icon_id": "21006056",
      "name": "2-101",
      "font_class": "2-101",
      "unicode": "ec35",
      "unicode_decimal": 60469
    },
    {
      "icon_id": "21006057",
      "name": "4-008",
      "font_class": "4-008",
      "unicode": "ec36",
      "unicode_decimal": 60470
    },
    {
      "icon_id": "21006058",
      "name": "4-010",
      "font_class": "4-010",
      "unicode": "ec37",
      "unicode_decimal": 60471
    },
    {
      "icon_id": "21006059",
      "name": "2-116",
      "font_class": "2-116",
      "unicode": "ec38",
      "unicode_decimal": 60472
    },
    {
      "icon_id": "21006060",
      "name": "4-009",
      "font_class": "4-009",
      "unicode": "ec39",
      "unicode_decimal": 60473
    },
    {
      "icon_id": "21006061",
      "name": "2-110",
      "font_class": "2-110",
      "unicode": "ec3a",
      "unicode_decimal": 60474
    },
    {
      "icon_id": "21006062",
      "name": "2-134",
      "font_class": "2-134",
      "unicode": "ec3b",
      "unicode_decimal": 60475
    },
    {
      "icon_id": "21006063",
      "name": "2-132",
      "font_class": "2-132",
      "unicode": "ec3c",
      "unicode_decimal": 60476
    },
    {
      "icon_id": "21006064",
      "name": "2-177",
      "font_class": "2-177",
      "unicode": "ec3d",
      "unicode_decimal": 60477
    },
    {
      "icon_id": "21006065",
      "name": "2-131",
      "font_class": "2-131",
      "unicode": "ec3e",
      "unicode_decimal": 60478
    },
    {
      "icon_id": "21006066",
      "name": "2-144",
      "font_class": "2-144",
      "unicode": "ec3f",
      "unicode_decimal": 60479
    },
    {
      "icon_id": "21006067",
      "name": "2-119",
      "font_class": "2-119",
      "unicode": "ec40",
      "unicode_decimal": 60480
    },
    {
      "icon_id": "21006068",
      "name": "2-123",
      "font_class": "2-123",
      "unicode": "ec41",
      "unicode_decimal": 60481
    },
    {
      "icon_id": "21006069",
      "name": "2-235svg",
      "font_class": "2-235svg",
      "unicode": "ec42",
      "unicode_decimal": 60482
    },
    {
      "icon_id": "21006070",
      "name": "2-215",
      "font_class": "2-215",
      "unicode": "ec43",
      "unicode_decimal": 60483
    },
    {
      "icon_id": "21006071",
      "name": "2-249",
      "font_class": "2-249",
      "unicode": "ec44",
      "unicode_decimal": 60484
    },
    {
      "icon_id": "21006072",
      "name": "2-201",
      "font_class": "2-201",
      "unicode": "ec45",
      "unicode_decimal": 60485
    },
    {
      "icon_id": "21006073",
      "name": "2-210",
      "font_class": "2-210",
      "unicode": "ec46",
      "unicode_decimal": 60486
    },
    {
      "icon_id": "21006074",
      "name": "2-251",
      "font_class": "2-251",
      "unicode": "ec47",
      "unicode_decimal": 60487
    },
    {
      "icon_id": "21006075",
      "name": "2-286",
      "font_class": "2-286",
      "unicode": "ec48",
      "unicode_decimal": 60488
    },
    {
      "icon_id": "21006076",
      "name": "2-258",
      "font_class": "2-258",
      "unicode": "ec49",
      "unicode_decimal": 60489
    },
    {
      "icon_id": "21006077",
      "name": "2-268",
      "font_class": "2-268",
      "unicode": "ec4a",
      "unicode_decimal": 60490
    },
    {
      "icon_id": "21006078",
      "name": "2-288",
      "font_class": "2-288",
      "unicode": "ec4b",
      "unicode_decimal": 60491
    },
    {
      "icon_id": "21006079",
      "name": "2-230",
      "font_class": "2-230",
      "unicode": "ec4c",
      "unicode_decimal": 60492
    },
    {
      "icon_id": "21006080",
      "name": "3-202",
      "font_class": "3-202",
      "unicode": "ec4d",
      "unicode_decimal": 60493
    },
    {
      "icon_id": "21006081",
      "name": "2-195",
      "font_class": "2-195",
      "unicode": "ec4e",
      "unicode_decimal": 60494
    },
    {
      "icon_id": "21006082",
      "name": "2-287",
      "font_class": "2-287",
      "unicode": "ec4f",
      "unicode_decimal": 60495
    },
    {
      "icon_id": "21006083",
      "name": "2-135",
      "font_class": "2-135",
      "unicode": "ec50",
      "unicode_decimal": 60496
    },
    {
      "icon_id": "21006084",
      "name": "3-205",
      "font_class": "3-205",
      "unicode": "ec51",
      "unicode_decimal": 60497
    },
    {
      "icon_id": "21006085",
      "name": "3-200",
      "font_class": "3-200",
      "unicode": "ec52",
      "unicode_decimal": 60498
    },
    {
      "icon_id": "21006086",
      "name": "2-275",
      "font_class": "2-275",
      "unicode": "ec53",
      "unicode_decimal": 60499
    },
    {
      "icon_id": "21006087",
      "name": "2-250",
      "font_class": "2-250",
      "unicode": "ec54",
      "unicode_decimal": 60500
    },
    {
      "icon_id": "21006088",
      "name": "1-284",
      "font_class": "1-284",
      "unicode": "ec55",
      "unicode_decimal": 60501
    },
    {
      "icon_id": "21006089",
      "name": "4-007",
      "font_class": "4-007",
      "unicode": "ec56",
      "unicode_decimal": 60502
    },
    {
      "icon_id": "21006090",
      "name": "1-336",
      "font_class": "1-336",
      "unicode": "ec57",
      "unicode_decimal": 60503
    },
    {
      "icon_id": "21006091",
      "name": "2-281",
      "font_class": "2-281",
      "unicode": "ec58",
      "unicode_decimal": 60504
    },
    {
      "icon_id": "21006094",
      "name": "2-290",
      "font_class": "2-290",
      "unicode": "ec5b",
      "unicode_decimal": 60507
    },
    {
      "icon_id": "21006095",
      "name": "2-186",
      "font_class": "2-186",
      "unicode": "ec5c",
      "unicode_decimal": 60508
    },
    {
      "icon_id": "21006096",
      "name": "3-214",
      "font_class": "3-214",
      "unicode": "ec5d",
      "unicode_decimal": 60509
    },
    {
      "icon_id": "21005800",
      "name": "2-026",
      "font_class": "2-026",
      "unicode": "eb36",
      "unicode_decimal": 60214
    },
    {
      "icon_id": "21005842",
      "name": "2-014",
      "font_class": "2-014",
      "unicode": "eb5f",
      "unicode_decimal": 60255
    },
    {
      "icon_id": "21005845",
      "name": "1-326",
      "font_class": "1-326",
      "unicode": "eb62",
      "unicode_decimal": 60258
    },
    {
      "icon_id": "21005849",
      "name": "2-051",
      "font_class": "2-051",
      "unicode": "eb66",
      "unicode_decimal": 60262
    },
    {
      "icon_id": "21005851",
      "name": "1-319",
      "font_class": "1-319",
      "unicode": "eb68",
      "unicode_decimal": 60264
    },
    {
      "icon_id": "21005853",
      "name": "1-333",
      "font_class": "1-333",
      "unicode": "eb6a",
      "unicode_decimal": 60266
    },
    {
      "icon_id": "21005855",
      "name": "1-335",
      "font_class": "1-335",
      "unicode": "eb6c",
      "unicode_decimal": 60268
    },
    {
      "icon_id": "21005858",
      "name": "2-099",
      "font_class": "2-099",
      "unicode": "eb6f",
      "unicode_decimal": 60271
    },
    {
      "icon_id": "21005859",
      "name": "2-053",
      "font_class": "2-053",
      "unicode": "eb70",
      "unicode_decimal": 60272
    },
    {
      "icon_id": "21005863",
      "name": "1-305",
      "font_class": "1-305",
      "unicode": "eb74",
      "unicode_decimal": 60276
    },
    {
      "icon_id": "21005864",
      "name": "2-102",
      "font_class": "2-102",
      "unicode": "eb75",
      "unicode_decimal": 60277
    },
    {
      "icon_id": "21005865",
      "name": "2-100",
      "font_class": "2-100",
      "unicode": "eb76",
      "unicode_decimal": 60278
    },
    {
      "icon_id": "21005866",
      "name": "2-036",
      "font_class": "2-036",
      "unicode": "eb77",
      "unicode_decimal": 60279
    },
    {
      "icon_id": "21005867",
      "name": "2-103",
      "font_class": "2-103",
      "unicode": "eb78",
      "unicode_decimal": 60280
    },
    {
      "icon_id": "21005868",
      "name": "2-104",
      "font_class": "2-104",
      "unicode": "eb79",
      "unicode_decimal": 60281
    },
    {
      "icon_id": "21005869",
      "name": "2-112",
      "font_class": "2-112",
      "unicode": "eb7a",
      "unicode_decimal": 60282
    },
    {
      "icon_id": "21005870",
      "name": "2-106",
      "font_class": "2-106",
      "unicode": "eb7b",
      "unicode_decimal": 60283
    },
    {
      "icon_id": "21005871",
      "name": "2-097",
      "font_class": "2-097",
      "unicode": "eb7c",
      "unicode_decimal": 60284
    },
    {
      "icon_id": "21005872",
      "name": "2-114",
      "font_class": "2-114",
      "unicode": "eb7d",
      "unicode_decimal": 60285
    },
    {
      "icon_id": "21005873",
      "name": "2-115",
      "font_class": "2-115",
      "unicode": "eb7e",
      "unicode_decimal": 60286
    },
    {
      "icon_id": "21005874",
      "name": "2-108",
      "font_class": "2-108",
      "unicode": "eb7f",
      "unicode_decimal": 60287
    },
    {
      "icon_id": "21005875",
      "name": "2-118",
      "font_class": "2-118",
      "unicode": "eb80",
      "unicode_decimal": 60288
    },
    {
      "icon_id": "21005876",
      "name": "2-096",
      "font_class": "2-096",
      "unicode": "eb81",
      "unicode_decimal": 60289
    },
    {
      "icon_id": "21005878",
      "name": "1-338",
      "font_class": "1-338",
      "unicode": "eb83",
      "unicode_decimal": 60291
    },
    {
      "icon_id": "21005880",
      "name": "1-329",
      "font_class": "1-329",
      "unicode": "eb85",
      "unicode_decimal": 60293
    },
    {
      "icon_id": "21005882",
      "name": "2-109",
      "font_class": "2-109",
      "unicode": "eb87",
      "unicode_decimal": 60295
    },
    {
      "icon_id": "21005890",
      "name": "2-143",
      "font_class": "2-143",
      "unicode": "eb8f",
      "unicode_decimal": 60303
    },
    {
      "icon_id": "21005895",
      "name": "2-098",
      "font_class": "2-098",
      "unicode": "eb94",
      "unicode_decimal": 60308
    },
    {
      "icon_id": "21005897",
      "name": "2-142",
      "font_class": "2-142",
      "unicode": "eb96",
      "unicode_decimal": 60310
    },
    {
      "icon_id": "21005898",
      "name": "2-141",
      "font_class": "2-141",
      "unicode": "eb97",
      "unicode_decimal": 60311
    },
    {
      "icon_id": "21005902",
      "name": "2-111",
      "font_class": "2-111",
      "unicode": "eb9b",
      "unicode_decimal": 60315
    },
    {
      "icon_id": "21005903",
      "name": "2-117",
      "font_class": "2-117",
      "unicode": "eb9c",
      "unicode_decimal": 60316
    },
    {
      "icon_id": "21005905",
      "name": "2-055",
      "font_class": "2-055",
      "unicode": "eb9e",
      "unicode_decimal": 60318
    },
    {
      "icon_id": "21005909",
      "name": "2-013",
      "font_class": "2-013",
      "unicode": "eba2",
      "unicode_decimal": 60322
    },
    {
      "icon_id": "21005912",
      "name": "2-025",
      "font_class": "2-025",
      "unicode": "eba5",
      "unicode_decimal": 60325
    },
    {
      "icon_id": "21005918",
      "name": "1-304",
      "font_class": "1-304",
      "unicode": "ebab",
      "unicode_decimal": 60331
    },
    {
      "icon_id": "21005954",
      "name": "2-200",
      "font_class": "2-200",
      "unicode": "ebcf",
      "unicode_decimal": 60367
    },
    {
      "icon_id": "21005955",
      "name": "2-202",
      "font_class": "2-202",
      "unicode": "ebd0",
      "unicode_decimal": 60368
    },
    {
      "icon_id": "21005957",
      "name": "2-208",
      "font_class": "2-208",
      "unicode": "ebd2",
      "unicode_decimal": 60370
    },
    {
      "icon_id": "21005959",
      "name": "2-206",
      "font_class": "2-206",
      "unicode": "ebd4",
      "unicode_decimal": 60372
    },
    {
      "icon_id": "21005960",
      "name": "2-203",
      "font_class": "2-203",
      "unicode": "ebd5",
      "unicode_decimal": 60373
    },
    {
      "icon_id": "21005961",
      "name": "2-207",
      "font_class": "2-207",
      "unicode": "ebd6",
      "unicode_decimal": 60374
    },
    {
      "icon_id": "21005962",
      "name": "2-209",
      "font_class": "2-209",
      "unicode": "ebd7",
      "unicode_decimal": 60375
    },
    {
      "icon_id": "21005963",
      "name": "2-211",
      "font_class": "2-211",
      "unicode": "ebd8",
      "unicode_decimal": 60376
    },
    {
      "icon_id": "21005964",
      "name": "2-205",
      "font_class": "2-205",
      "unicode": "ebd9",
      "unicode_decimal": 60377
    },
    {
      "icon_id": "21005965",
      "name": "2-204",
      "font_class": "2-204",
      "unicode": "ebda",
      "unicode_decimal": 60378
    },
    {
      "icon_id": "21005966",
      "name": "2-214",
      "font_class": "2-214",
      "unicode": "ebdb",
      "unicode_decimal": 60379
    },
    {
      "icon_id": "21005967",
      "name": "2-213",
      "font_class": "2-213",
      "unicode": "ebdc",
      "unicode_decimal": 60380
    },
    {
      "icon_id": "21005968",
      "name": "2-220",
      "font_class": "2-220",
      "unicode": "ebdd",
      "unicode_decimal": 60381
    },
    {
      "icon_id": "21005969",
      "name": "2-219",
      "font_class": "2-219",
      "unicode": "ebde",
      "unicode_decimal": 60382
    },
    {
      "icon_id": "21005970",
      "name": "2-216",
      "font_class": "2-216",
      "unicode": "ebdf",
      "unicode_decimal": 60383
    },
    {
      "icon_id": "21005971",
      "name": "2-218",
      "font_class": "2-218",
      "unicode": "ebe0",
      "unicode_decimal": 60384
    },
    {
      "icon_id": "21005972",
      "name": "2-221",
      "font_class": "2-221",
      "unicode": "ebe1",
      "unicode_decimal": 60385
    },
    {
      "icon_id": "21005973",
      "name": "2-212",
      "font_class": "2-212",
      "unicode": "ebe2",
      "unicode_decimal": 60386
    },
    {
      "icon_id": "21005974",
      "name": "2-217",
      "font_class": "2-217",
      "unicode": "ebe3",
      "unicode_decimal": 60387
    },
    {
      "icon_id": "21005975",
      "name": "2-222",
      "font_class": "2-222",
      "unicode": "ebe4",
      "unicode_decimal": 60388
    },
    {
      "icon_id": "21005976",
      "name": "2-223",
      "font_class": "2-223",
      "unicode": "ebe5",
      "unicode_decimal": 60389
    },
    {
      "icon_id": "21005977",
      "name": "2-231svg",
      "font_class": "2-231svg",
      "unicode": "ebe6",
      "unicode_decimal": 60390
    },
    {
      "icon_id": "21005978",
      "name": "2-232svg",
      "font_class": "2-232svg",
      "unicode": "ebe7",
      "unicode_decimal": 60391
    },
    {
      "icon_id": "21005979",
      "name": "2-233svg",
      "font_class": "2-233svg",
      "unicode": "ebe8",
      "unicode_decimal": 60392
    },
    {
      "icon_id": "21005792",
      "name": "2-027",
      "font_class": "2-027",
      "unicode": "e9cd",
      "unicode_decimal": 59853
    },
    {
      "icon_id": "21005793",
      "name": "1-353",
      "font_class": "1-353",
      "unicode": "e9ce",
      "unicode_decimal": 59854
    },
    {
      "icon_id": "21005794",
      "name": "2-002",
      "font_class": "2-002",
      "unicode": "e9cf",
      "unicode_decimal": 59855
    },
    {
      "icon_id": "21005795",
      "name": "1-270",
      "font_class": "1-270",
      "unicode": "e9d0",
      "unicode_decimal": 59856
    },
    {
      "icon_id": "21005796",
      "name": "2-034",
      "font_class": "2-034",
      "unicode": "e9d1",
      "unicode_decimal": 59857
    },
    {
      "icon_id": "21005797",
      "name": "1-252",
      "font_class": "1-252",
      "unicode": "e9d2",
      "unicode_decimal": 59858
    },
    {
      "icon_id": "21005798",
      "name": "2-028",
      "font_class": "2-028",
      "unicode": "e9d3",
      "unicode_decimal": 59859
    },
    {
      "icon_id": "21005799",
      "name": "1-306",
      "font_class": "1-306",
      "unicode": "e9d4",
      "unicode_decimal": 59860
    },
    {
      "icon_id": "21005801",
      "name": "1-341",
      "font_class": "1-341",
      "unicode": "e9d5",
      "unicode_decimal": 59861
    },
    {
      "icon_id": "21005802",
      "name": "2-041",
      "font_class": "2-041",
      "unicode": "e9d6",
      "unicode_decimal": 59862
    },
    {
      "icon_id": "21005803",
      "name": "1-307",
      "font_class": "1-307",
      "unicode": "e9d7",
      "unicode_decimal": 59863
    },
    {
      "icon_id": "21005804",
      "name": "2-010",
      "font_class": "2-010",
      "unicode": "e9d8",
      "unicode_decimal": 59864
    },
    {
      "icon_id": "21005805",
      "name": "2-050",
      "font_class": "2-050",
      "unicode": "e9d9",
      "unicode_decimal": 59865
    },
    {
      "icon_id": "21005806",
      "name": "2-048",
      "font_class": "2-048",
      "unicode": "e9da",
      "unicode_decimal": 59866
    },
    {
      "icon_id": "21005807",
      "name": "1-292",
      "font_class": "1-292",
      "unicode": "e9db",
      "unicode_decimal": 59867
    },
    {
      "icon_id": "21005808",
      "name": "2-038",
      "font_class": "2-038",
      "unicode": "e9dc",
      "unicode_decimal": 59868
    },
    {
      "icon_id": "21005809",
      "name": "2-039",
      "font_class": "2-039",
      "unicode": "e9dd",
      "unicode_decimal": 59869
    },
    {
      "icon_id": "21005810",
      "name": "1-296",
      "font_class": "1-296",
      "unicode": "e9de",
      "unicode_decimal": 59870
    },
    {
      "icon_id": "21005811",
      "name": "2-005",
      "font_class": "2-005",
      "unicode": "e9df",
      "unicode_decimal": 59871
    },
    {
      "icon_id": "21005554",
      "name": "1-001",
      "font_class": "1-001",
      "unicode": "e8e0",
      "unicode_decimal": 59616
    },
    {
      "icon_id": "21005812",
      "name": "2-056",
      "font_class": "2-056",
      "unicode": "e9e0",
      "unicode_decimal": 59872
    },
    {
      "icon_id": "21005555",
      "name": "1-002",
      "font_class": "1-002",
      "unicode": "e8e1",
      "unicode_decimal": 59617
    },
    {
      "icon_id": "21005813",
      "name": "2-049",
      "font_class": "2-049",
      "unicode": "e9e1",
      "unicode_decimal": 59873
    },
    {
      "icon_id": "21005556",
      "name": "1-005",
      "font_class": "1-005",
      "unicode": "e8e2",
      "unicode_decimal": 59618
    },
    {
      "icon_id": "21005814",
      "name": "1-310",
      "font_class": "1-310",
      "unicode": "e9e2",
      "unicode_decimal": 59874
    },
    {
      "icon_id": "21005557",
      "name": "1-006",
      "font_class": "1-006",
      "unicode": "e8e3",
      "unicode_decimal": 59619
    },
    {
      "icon_id": "21005815",
      "name": "2-058",
      "font_class": "2-058",
      "unicode": "e9e3",
      "unicode_decimal": 59875
    },
    {
      "icon_id": "21005558",
      "name": "1-007",
      "font_class": "1-007",
      "unicode": "e8e4",
      "unicode_decimal": 59620
    },
    {
      "icon_id": "21005816",
      "name": "2-046",
      "font_class": "2-046",
      "unicode": "e9e4",
      "unicode_decimal": 59876
    },
    {
      "icon_id": "21005559",
      "name": "1-016",
      "font_class": "1-016",
      "unicode": "e8e5",
      "unicode_decimal": 59621
    },
    {
      "icon_id": "21005817",
      "name": "2-029",
      "font_class": "2-029",
      "unicode": "e9e5",
      "unicode_decimal": 59877
    },
    {
      "icon_id": "21005560",
      "name": "1-015",
      "font_class": "1-015",
      "unicode": "e8e6",
      "unicode_decimal": 59622
    },
    {
      "icon_id": "21005818",
      "name": "2-017",
      "font_class": "2-017",
      "unicode": "e9e6",
      "unicode_decimal": 59878
    },
    {
      "icon_id": "21005561",
      "name": "1-012",
      "font_class": "1-012",
      "unicode": "e8e7",
      "unicode_decimal": 59623
    },
    {
      "icon_id": "21005819",
      "name": "1-317",
      "font_class": "1-317",
      "unicode": "e9e7",
      "unicode_decimal": 59879
    },
    {
      "icon_id": "21005562",
      "name": "1-018",
      "font_class": "1-018",
      "unicode": "e8e8",
      "unicode_decimal": 59624
    },
    {
      "icon_id": "21005820",
      "name": "2-057",
      "font_class": "2-057",
      "unicode": "e9e8",
      "unicode_decimal": 59880
    },
    {
      "icon_id": "21005563",
      "name": "1-014",
      "font_class": "1-014",
      "unicode": "e8e9",
      "unicode_decimal": 59625
    },
    {
      "icon_id": "21005821",
      "name": "2-042",
      "font_class": "2-042",
      "unicode": "e9e9",
      "unicode_decimal": 59881
    },
    {
      "icon_id": "21005564",
      "name": "1-017",
      "font_class": "1-017",
      "unicode": "e8ea",
      "unicode_decimal": 59626
    },
    {
      "icon_id": "21005565",
      "name": "1-008",
      "font_class": "1-008",
      "unicode": "e8eb",
      "unicode_decimal": 59627
    },
    {
      "icon_id": "21005566",
      "name": "1-010",
      "font_class": "1-010",
      "unicode": "e8ec",
      "unicode_decimal": 59628
    },
    {
      "icon_id": "21005824",
      "name": "2-021",
      "font_class": "2-021",
      "unicode": "e9ec",
      "unicode_decimal": 59884
    },
    {
      "icon_id": "21005567",
      "name": "1-026",
      "font_class": "1-026",
      "unicode": "e8ed",
      "unicode_decimal": 59629
    },
    {
      "icon_id": "21005825",
      "name": "1-315",
      "font_class": "1-315",
      "unicode": "e9ed",
      "unicode_decimal": 59885
    },
    {
      "icon_id": "21005568",
      "name": "1-025",
      "font_class": "1-025",
      "unicode": "e8ee",
      "unicode_decimal": 59630
    },
    {
      "icon_id": "21005826",
      "name": "2-030",
      "font_class": "2-030",
      "unicode": "e9ee",
      "unicode_decimal": 59886
    },
    {
      "icon_id": "21005570",
      "name": "1-027",
      "font_class": "1-027",
      "unicode": "e8f0",
      "unicode_decimal": 59632
    },
    {
      "icon_id": "21005828",
      "name": "2-016",
      "font_class": "2-016",
      "unicode": "e9f0",
      "unicode_decimal": 59888
    },
    {
      "icon_id": "21005571",
      "name": "1-019",
      "font_class": "1-019",
      "unicode": "e8f1",
      "unicode_decimal": 59633
    },
    {
      "icon_id": "21005829",
      "name": "2-052",
      "font_class": "2-052",
      "unicode": "e9f1",
      "unicode_decimal": 59889
    },
    {
      "icon_id": "21005572",
      "name": "1-030",
      "font_class": "1-030",
      "unicode": "e8f2",
      "unicode_decimal": 59634
    },
    {
      "icon_id": "21005831",
      "name": "2-032",
      "font_class": "2-032",
      "unicode": "e9f2",
      "unicode_decimal": 59890
    },
    {
      "icon_id": "21005573",
      "name": "1-032",
      "font_class": "1-032",
      "unicode": "e8f3",
      "unicode_decimal": 59635
    },
    {
      "icon_id": "21005832",
      "name": "3-203",
      "font_class": "3-203",
      "unicode": "e9f3",
      "unicode_decimal": 59891
    },
    {
      "icon_id": "21005574",
      "name": "1-024",
      "font_class": "1-024",
      "unicode": "e8f4",
      "unicode_decimal": 59636
    },
    {
      "icon_id": "21005575",
      "name": "1-028",
      "font_class": "1-028",
      "unicode": "e8f5",
      "unicode_decimal": 59637
    },
    {
      "icon_id": "21005834",
      "name": "1-316",
      "font_class": "1-316",
      "unicode": "e9f5",
      "unicode_decimal": 59893
    },
    {
      "icon_id": "21005576",
      "name": "1-035",
      "font_class": "1-035",
      "unicode": "e8f6",
      "unicode_decimal": 59638
    },
    {
      "icon_id": "21005835",
      "name": "2-043",
      "font_class": "2-043",
      "unicode": "e9f6",
      "unicode_decimal": 59894
    },
    {
      "icon_id": "21005577",
      "name": "1-031",
      "font_class": "1-031",
      "unicode": "e8f7",
      "unicode_decimal": 59639
    },
    {
      "icon_id": "21005836",
      "name": "1-321",
      "font_class": "1-321",
      "unicode": "e9f7",
      "unicode_decimal": 59895
    },
    {
      "icon_id": "21005578",
      "name": "1-020",
      "font_class": "1-020",
      "unicode": "e8f8",
      "unicode_decimal": 59640
    },
    {
      "icon_id": "21005579",
      "name": "1-040",
      "font_class": "1-040",
      "unicode": "e8f9",
      "unicode_decimal": 59641
    },
    {
      "icon_id": "21005839",
      "name": "1-324",
      "font_class": "1-324",
      "unicode": "e9f9",
      "unicode_decimal": 59897
    },
    {
      "icon_id": "21005580",
      "name": "1-041",
      "font_class": "1-041",
      "unicode": "e8fa",
      "unicode_decimal": 59642
    },
    {
      "icon_id": "21005581",
      "name": "1-037",
      "font_class": "1-037",
      "unicode": "e8fb",
      "unicode_decimal": 59643
    },
    {
      "icon_id": "21005582",
      "name": "1-029",
      "font_class": "1-029",
      "unicode": "e8fc",
      "unicode_decimal": 59644
    },
    {
      "icon_id": "21005843",
      "name": "2-059",
      "font_class": "2-059",
      "unicode": "e9fc",
      "unicode_decimal": 59900
    },
    {
      "icon_id": "21005583",
      "name": "1-046",
      "font_class": "1-046",
      "unicode": "e8fd",
      "unicode_decimal": 59645
    },
    {
      "icon_id": "21005584",
      "name": "1-042",
      "font_class": "1-042",
      "unicode": "e8fe",
      "unicode_decimal": 59646
    },
    {
      "icon_id": "21005846",
      "name": "2-045",
      "font_class": "2-045",
      "unicode": "e9fe",
      "unicode_decimal": 59902
    },
    {
      "icon_id": "21005585",
      "name": "1-044",
      "font_class": "1-044",
      "unicode": "e8ff",
      "unicode_decimal": 59647
    },
    {
      "icon_id": "21005586",
      "name": "1-048",
      "font_class": "1-048",
      "unicode": "e900",
      "unicode_decimal": 59648
    },
    {
      "icon_id": "21005587",
      "name": "1-045",
      "font_class": "1-045",
      "unicode": "e901",
      "unicode_decimal": 59649
    },
    {
      "icon_id": "21005588",
      "name": "1-021",
      "font_class": "1-021",
      "unicode": "e902",
      "unicode_decimal": 59650
    },
    {
      "icon_id": "21005877",
      "name": "2-128",
      "font_class": "2-128",
      "unicode": "ea02",
      "unicode_decimal": 59906
    },
    {
      "icon_id": "21005589",
      "name": "1-050",
      "font_class": "1-050",
      "unicode": "e903",
      "unicode_decimal": 59651
    },
    {
      "icon_id": "21005879",
      "name": "2-120",
      "font_class": "2-120",
      "unicode": "ea03",
      "unicode_decimal": 59907
    },
    {
      "icon_id": "21005590",
      "name": "1-047",
      "font_class": "1-047",
      "unicode": "e904",
      "unicode_decimal": 59652
    },
    {
      "icon_id": "21005881",
      "name": "2-121",
      "font_class": "2-121",
      "unicode": "ea04",
      "unicode_decimal": 59908
    },
    {
      "icon_id": "21005591",
      "name": "1-053",
      "font_class": "1-053",
      "unicode": "e905",
      "unicode_decimal": 59653
    },
    {
      "icon_id": "21005883",
      "name": "2-126",
      "font_class": "2-126",
      "unicode": "ea05",
      "unicode_decimal": 59909
    },
    {
      "icon_id": "21005592",
      "name": "1-039",
      "font_class": "1-039",
      "unicode": "e906",
      "unicode_decimal": 59654
    },
    {
      "icon_id": "21005884",
      "name": "2-124",
      "font_class": "2-124",
      "unicode": "ea06",
      "unicode_decimal": 59910
    },
    {
      "icon_id": "21005593",
      "name": "1-051",
      "font_class": "1-051",
      "unicode": "e907",
      "unicode_decimal": 59655
    },
    {
      "icon_id": "21005885",
      "name": "2-138",
      "font_class": "2-138",
      "unicode": "ea07",
      "unicode_decimal": 59911
    },
    {
      "icon_id": "21005594",
      "name": "1-052",
      "font_class": "1-052",
      "unicode": "e908",
      "unicode_decimal": 59656
    },
    {
      "icon_id": "21005886",
      "name": "2-129",
      "font_class": "2-129",
      "unicode": "ea08",
      "unicode_decimal": 59912
    },
    {
      "icon_id": "21005595",
      "name": "1-055",
      "font_class": "1-055",
      "unicode": "e909",
      "unicode_decimal": 59657
    },
    {
      "icon_id": "21005887",
      "name": "2-140",
      "font_class": "2-140",
      "unicode": "ea09",
      "unicode_decimal": 59913
    },
    {
      "icon_id": "21005596",
      "name": "1-056",
      "font_class": "1-056",
      "unicode": "e90a",
      "unicode_decimal": 59658
    },
    {
      "icon_id": "21005888",
      "name": "2-139",
      "font_class": "2-139",
      "unicode": "ea0a",
      "unicode_decimal": 59914
    },
    {
      "icon_id": "21005597",
      "name": "1-054",
      "font_class": "1-054",
      "unicode": "e90b",
      "unicode_decimal": 59659
    },
    {
      "icon_id": "21005891",
      "name": "2-147",
      "font_class": "2-147",
      "unicode": "ea0b",
      "unicode_decimal": 59915
    },
    {
      "icon_id": "21005598",
      "name": "1-109",
      "font_class": "1-109",
      "unicode": "e90c",
      "unicode_decimal": 59660
    },
    {
      "icon_id": "21005892",
      "name": "2-136",
      "font_class": "2-136",
      "unicode": "ea0c",
      "unicode_decimal": 59916
    },
    {
      "icon_id": "21005599",
      "name": "1-057",
      "font_class": "1-057",
      "unicode": "e90d",
      "unicode_decimal": 59661
    },
    {
      "icon_id": "21005893",
      "name": "2-137",
      "font_class": "2-137",
      "unicode": "ea0d",
      "unicode_decimal": 59917
    },
    {
      "icon_id": "21005600",
      "name": "1-108",
      "font_class": "1-108",
      "unicode": "e90e",
      "unicode_decimal": 59662
    },
    {
      "icon_id": "21005894",
      "name": "2-145",
      "font_class": "2-145",
      "unicode": "ea0e",
      "unicode_decimal": 59918
    },
    {
      "icon_id": "21005601",
      "name": "1-110",
      "font_class": "1-110",
      "unicode": "e90f",
      "unicode_decimal": 59663
    },
    {
      "icon_id": "21005896",
      "name": "2-148",
      "font_class": "2-148",
      "unicode": "ea0f",
      "unicode_decimal": 59919
    },
    {
      "icon_id": "21005899",
      "name": "2-130",
      "font_class": "2-130",
      "unicode": "ea10",
      "unicode_decimal": 59920
    },
    {
      "icon_id": "21005603",
      "name": "1-113",
      "font_class": "1-113",
      "unicode": "e911",
      "unicode_decimal": 59665
    },
    {
      "icon_id": "21005900",
      "name": "2-149",
      "font_class": "2-149",
      "unicode": "ea11",
      "unicode_decimal": 59921
    },
    {
      "icon_id": "21005604",
      "name": "1-058",
      "font_class": "1-058",
      "unicode": "e912",
      "unicode_decimal": 59666
    },
    {
      "icon_id": "21005901",
      "name": "2-150",
      "font_class": "2-150",
      "unicode": "ea12",
      "unicode_decimal": 59922
    },
    {
      "icon_id": "21005605",
      "name": "1-114",
      "font_class": "1-114",
      "unicode": "e913",
      "unicode_decimal": 59667
    },
    {
      "icon_id": "21005904",
      "name": "2-153",
      "font_class": "2-153",
      "unicode": "ea13",
      "unicode_decimal": 59923
    },
    {
      "icon_id": "21005606",
      "name": "1-049",
      "font_class": "1-049",
      "unicode": "e914",
      "unicode_decimal": 59668
    },
    {
      "icon_id": "21005906",
      "name": "2-152",
      "font_class": "2-152",
      "unicode": "ea14",
      "unicode_decimal": 59924
    },
    {
      "icon_id": "21005607",
      "name": "1-112",
      "font_class": "1-112",
      "unicode": "e915",
      "unicode_decimal": 59669
    },
    {
      "icon_id": "21005907",
      "name": "2-122",
      "font_class": "2-122",
      "unicode": "ea15",
      "unicode_decimal": 59925
    },
    {
      "icon_id": "21005608",
      "name": "1-117",
      "font_class": "1-117",
      "unicode": "e916",
      "unicode_decimal": 59670
    },
    {
      "icon_id": "21005908",
      "name": "2-155",
      "font_class": "2-155",
      "unicode": "ea16",
      "unicode_decimal": 59926
    },
    {
      "icon_id": "21005609",
      "name": "1-116",
      "font_class": "1-116",
      "unicode": "e917",
      "unicode_decimal": 59671
    },
    {
      "icon_id": "21005910",
      "name": "2-156",
      "font_class": "2-156",
      "unicode": "ea17",
      "unicode_decimal": 59927
    },
    {
      "icon_id": "21005610",
      "name": "1-111",
      "font_class": "1-111",
      "unicode": "e918",
      "unicode_decimal": 59672
    },
    {
      "icon_id": "21005911",
      "name": "2-161",
      "font_class": "2-161",
      "unicode": "ea18",
      "unicode_decimal": 59928
    },
    {
      "icon_id": "21005611",
      "name": "1-133",
      "font_class": "1-133",
      "unicode": "e919",
      "unicode_decimal": 59673
    },
    {
      "icon_id": "21005913",
      "name": "2-154",
      "font_class": "2-154",
      "unicode": "ea19",
      "unicode_decimal": 59929
    },
    {
      "icon_id": "21005612",
      "name": "1-145",
      "font_class": "1-145",
      "unicode": "e91a",
      "unicode_decimal": 59674
    },
    {
      "icon_id": "21005914",
      "name": "2-159",
      "font_class": "2-159",
      "unicode": "ea1a",
      "unicode_decimal": 59930
    },
    {
      "icon_id": "21005613",
      "name": "1-146",
      "font_class": "1-146",
      "unicode": "e91b",
      "unicode_decimal": 59675
    },
    {
      "icon_id": "21005915",
      "name": "2-158",
      "font_class": "2-158",
      "unicode": "ea1b",
      "unicode_decimal": 59931
    },
    {
      "icon_id": "21005614",
      "name": "1-135",
      "font_class": "1-135",
      "unicode": "e91c",
      "unicode_decimal": 59676
    },
    {
      "icon_id": "21005916",
      "name": "2-160",
      "font_class": "2-160",
      "unicode": "ea1c",
      "unicode_decimal": 59932
    },
    {
      "icon_id": "21005615",
      "name": "1-151",
      "font_class": "1-151",
      "unicode": "e91d",
      "unicode_decimal": 59677
    },
    {
      "icon_id": "21005917",
      "name": "2-163",
      "font_class": "2-163",
      "unicode": "ea1d",
      "unicode_decimal": 59933
    },
    {
      "icon_id": "21005616",
      "name": "1-149",
      "font_class": "1-149",
      "unicode": "e91e",
      "unicode_decimal": 59678
    },
    {
      "icon_id": "21005919",
      "name": "2-166",
      "font_class": "2-166",
      "unicode": "ea1e",
      "unicode_decimal": 59934
    },
    {
      "icon_id": "21005617",
      "name": "1-150",
      "font_class": "1-150",
      "unicode": "e91f",
      "unicode_decimal": 59679
    },
    {
      "icon_id": "21005920",
      "name": "2-162",
      "font_class": "2-162",
      "unicode": "ea1f",
      "unicode_decimal": 59935
    },
    {
      "icon_id": "21005618",
      "name": "1-059",
      "font_class": "1-059",
      "unicode": "e920",
      "unicode_decimal": 59680
    },
    {
      "icon_id": "21005921",
      "name": "2-165",
      "font_class": "2-165",
      "unicode": "ea20",
      "unicode_decimal": 59936
    },
    {
      "icon_id": "21005619",
      "name": "1-125",
      "font_class": "1-125",
      "unicode": "e921",
      "unicode_decimal": 59681
    },
    {
      "icon_id": "21005922",
      "name": "2-151",
      "font_class": "2-151",
      "unicode": "ea21",
      "unicode_decimal": 59937
    },
    {
      "icon_id": "21005620",
      "name": "1-158",
      "font_class": "1-158",
      "unicode": "e922",
      "unicode_decimal": 59682
    },
    {
      "icon_id": "21005923",
      "name": "2-164",
      "font_class": "2-164",
      "unicode": "ea22",
      "unicode_decimal": 59938
    },
    {
      "icon_id": "21005621",
      "name": "1-144",
      "font_class": "1-144",
      "unicode": "e923",
      "unicode_decimal": 59683
    },
    {
      "icon_id": "21005924",
      "name": "2-169",
      "font_class": "2-169",
      "unicode": "ea23",
      "unicode_decimal": 59939
    },
    {
      "icon_id": "21005622",
      "name": "1-159",
      "font_class": "1-159",
      "unicode": "e924",
      "unicode_decimal": 59684
    },
    {
      "icon_id": "21005925",
      "name": "2-167",
      "font_class": "2-167",
      "unicode": "ea24",
      "unicode_decimal": 59940
    },
    {
      "icon_id": "21005623",
      "name": "1-152",
      "font_class": "1-152",
      "unicode": "e925",
      "unicode_decimal": 59685
    },
    {
      "icon_id": "21005927",
      "name": "2-174",
      "font_class": "2-174",
      "unicode": "ea25",
      "unicode_decimal": 59941
    },
    {
      "icon_id": "21005624",
      "name": "1-165",
      "font_class": "1-165",
      "unicode": "e926",
      "unicode_decimal": 59686
    },
    {
      "icon_id": "21005928",
      "name": "2-171",
      "font_class": "2-171",
      "unicode": "ea26",
      "unicode_decimal": 59942
    },
    {
      "icon_id": "21005625",
      "name": "1-162",
      "font_class": "1-162",
      "unicode": "e927",
      "unicode_decimal": 59687
    },
    {
      "icon_id": "21005929",
      "name": "2-168",
      "font_class": "2-168",
      "unicode": "ea27",
      "unicode_decimal": 59943
    },
    {
      "icon_id": "21005626",
      "name": "1-115",
      "font_class": "1-115",
      "unicode": "e928",
      "unicode_decimal": 59688
    },
    {
      "icon_id": "21005930",
      "name": "2-172",
      "font_class": "2-172",
      "unicode": "ea28",
      "unicode_decimal": 59944
    },
    {
      "icon_id": "21005627",
      "name": "1-148",
      "font_class": "1-148",
      "unicode": "e929",
      "unicode_decimal": 59689
    },
    {
      "icon_id": "21005931",
      "name": "2-176",
      "font_class": "2-176",
      "unicode": "ea29",
      "unicode_decimal": 59945
    },
    {
      "icon_id": "21005628",
      "name": "1-161",
      "font_class": "1-161",
      "unicode": "e92a",
      "unicode_decimal": 59690
    },
    {
      "icon_id": "21005932",
      "name": "2-173",
      "font_class": "2-173",
      "unicode": "ea2a",
      "unicode_decimal": 59946
    },
    {
      "icon_id": "21005629",
      "name": "1-163",
      "font_class": "1-163",
      "unicode": "e92b",
      "unicode_decimal": 59691
    },
    {
      "icon_id": "21005933",
      "name": "2-170",
      "font_class": "2-170",
      "unicode": "ea2b",
      "unicode_decimal": 59947
    },
    {
      "icon_id": "21005630",
      "name": "1-147",
      "font_class": "1-147",
      "unicode": "e92c",
      "unicode_decimal": 59692
    },
    {
      "icon_id": "21005934",
      "name": "2-179",
      "font_class": "2-179",
      "unicode": "ea2c",
      "unicode_decimal": 59948
    },
    {
      "icon_id": "21005631",
      "name": "1-166",
      "font_class": "1-166",
      "unicode": "e92d",
      "unicode_decimal": 59693
    },
    {
      "icon_id": "21005935",
      "name": "2-178",
      "font_class": "2-178",
      "unicode": "ea2d",
      "unicode_decimal": 59949
    },
    {
      "icon_id": "21005632",
      "name": "1-167",
      "font_class": "1-167",
      "unicode": "e92e",
      "unicode_decimal": 59694
    },
    {
      "icon_id": "21005936",
      "name": "2-181",
      "font_class": "2-181",
      "unicode": "ea2e",
      "unicode_decimal": 59950
    },
    {
      "icon_id": "21005633",
      "name": "1-168",
      "font_class": "1-168",
      "unicode": "e92f",
      "unicode_decimal": 59695
    },
    {
      "icon_id": "21005938",
      "name": "2-180",
      "font_class": "2-180",
      "unicode": "ea2f",
      "unicode_decimal": 59951
    },
    {
      "icon_id": "21005634",
      "name": "1-171",
      "font_class": "1-171",
      "unicode": "e930",
      "unicode_decimal": 59696
    },
    {
      "icon_id": "21005939",
      "name": "2-182",
      "font_class": "2-182",
      "unicode": "ea30",
      "unicode_decimal": 59952
    },
    {
      "icon_id": "21005635",
      "name": "1-172",
      "font_class": "1-172",
      "unicode": "e931",
      "unicode_decimal": 59697
    },
    {
      "icon_id": "21005940",
      "name": "2-175",
      "font_class": "2-175",
      "unicode": "ea31",
      "unicode_decimal": 59953
    },
    {
      "icon_id": "21005636",
      "name": "1-170",
      "font_class": "1-170",
      "unicode": "e932",
      "unicode_decimal": 59698
    },
    {
      "icon_id": "21005941",
      "name": "2-185",
      "font_class": "2-185",
      "unicode": "ea32",
      "unicode_decimal": 59954
    },
    {
      "icon_id": "21005637",
      "name": "1-173",
      "font_class": "1-173",
      "unicode": "e933",
      "unicode_decimal": 59699
    },
    {
      "icon_id": "21005942",
      "name": "2-189",
      "font_class": "2-189",
      "unicode": "ea33",
      "unicode_decimal": 59955
    },
    {
      "icon_id": "21005638",
      "name": "1-164",
      "font_class": "1-164",
      "unicode": "e934",
      "unicode_decimal": 59700
    },
    {
      "icon_id": "21005943",
      "name": "2-184",
      "font_class": "2-184",
      "unicode": "ea34",
      "unicode_decimal": 59956
    },
    {
      "icon_id": "21005639",
      "name": "1-177",
      "font_class": "1-177",
      "unicode": "e935",
      "unicode_decimal": 59701
    },
    {
      "icon_id": "21005944",
      "name": "2-191",
      "font_class": "2-191",
      "unicode": "ea35",
      "unicode_decimal": 59957
    },
    {
      "icon_id": "21005640",
      "name": "1-169",
      "font_class": "1-169",
      "unicode": "e936",
      "unicode_decimal": 59702
    },
    {
      "icon_id": "21005945",
      "name": "2-188",
      "font_class": "2-188",
      "unicode": "ea36",
      "unicode_decimal": 59958
    },
    {
      "icon_id": "21005641",
      "name": "1-176",
      "font_class": "1-176",
      "unicode": "e937",
      "unicode_decimal": 59703
    },
    {
      "icon_id": "21005946",
      "name": "2-190",
      "font_class": "2-190",
      "unicode": "ea37",
      "unicode_decimal": 59959
    },
    {
      "icon_id": "21005642",
      "name": "1-180",
      "font_class": "1-180",
      "unicode": "e938",
      "unicode_decimal": 59704
    },
    {
      "icon_id": "21005947",
      "name": "2-194",
      "font_class": "2-194",
      "unicode": "ea38",
      "unicode_decimal": 59960
    },
    {
      "icon_id": "21005643",
      "name": "1-175",
      "font_class": "1-175",
      "unicode": "e939",
      "unicode_decimal": 59705
    },
    {
      "icon_id": "21005948",
      "name": "2-192",
      "font_class": "2-192",
      "unicode": "ea39",
      "unicode_decimal": 59961
    },
    {
      "icon_id": "21005644",
      "name": "1-181",
      "font_class": "1-181",
      "unicode": "e93a",
      "unicode_decimal": 59706
    },
    {
      "icon_id": "21005949",
      "name": "2-183",
      "font_class": "2-183",
      "unicode": "ea3a",
      "unicode_decimal": 59962
    },
    {
      "icon_id": "21005645",
      "name": "1-184",
      "font_class": "1-184",
      "unicode": "e93b",
      "unicode_decimal": 59707
    },
    {
      "icon_id": "21005950",
      "name": "2-198",
      "font_class": "2-198",
      "unicode": "ea3b",
      "unicode_decimal": 59963
    },
    {
      "icon_id": "21005646",
      "name": "1-182",
      "font_class": "1-182",
      "unicode": "e93c",
      "unicode_decimal": 59708
    },
    {
      "icon_id": "21005951",
      "name": "2-187",
      "font_class": "2-187",
      "unicode": "ea3c",
      "unicode_decimal": 59964
    },
    {
      "icon_id": "21005647",
      "name": "1-183",
      "font_class": "1-183",
      "unicode": "e93d",
      "unicode_decimal": 59709
    },
    {
      "icon_id": "21005952",
      "name": "2-193",
      "font_class": "2-193",
      "unicode": "ea3d",
      "unicode_decimal": 59965
    },
    {
      "icon_id": "21005648",
      "name": "1-186",
      "font_class": "1-186",
      "unicode": "e93e",
      "unicode_decimal": 59710
    },
    {
      "icon_id": "21005953",
      "name": "2-125",
      "font_class": "2-125",
      "unicode": "ea3e",
      "unicode_decimal": 59966
    },
    {
      "icon_id": "21005649",
      "name": "1-118",
      "font_class": "1-118",
      "unicode": "e93f",
      "unicode_decimal": 59711
    },
    {
      "icon_id": "21005956",
      "name": "2-196",
      "font_class": "2-196",
      "unicode": "ea3f",
      "unicode_decimal": 59967
    },
    {
      "icon_id": "21005650",
      "name": "1-178",
      "font_class": "1-178",
      "unicode": "e940",
      "unicode_decimal": 59712
    },
    {
      "icon_id": "21005958",
      "name": "2-157",
      "font_class": "2-157",
      "unicode": "ea40",
      "unicode_decimal": 59968
    },
    {
      "icon_id": "21005651",
      "name": "1-188",
      "font_class": "1-188",
      "unicode": "e941",
      "unicode_decimal": 59713
    },
    {
      "icon_id": "21005652",
      "name": "1-189",
      "font_class": "1-189",
      "unicode": "e942",
      "unicode_decimal": 59714
    },
    {
      "icon_id": "21005653",
      "name": "1-192",
      "font_class": "1-192",
      "unicode": "e943",
      "unicode_decimal": 59715
    },
    {
      "icon_id": "21005654",
      "name": "1-190",
      "font_class": "1-190",
      "unicode": "e944",
      "unicode_decimal": 59716
    },
    {
      "icon_id": "21005655",
      "name": "1-191",
      "font_class": "1-191",
      "unicode": "e945",
      "unicode_decimal": 59717
    },
    {
      "icon_id": "21005656",
      "name": "1-193",
      "font_class": "1-193",
      "unicode": "e946",
      "unicode_decimal": 59718
    },
    {
      "icon_id": "21005657",
      "name": "1-195",
      "font_class": "1-195",
      "unicode": "e947",
      "unicode_decimal": 59719
    },
    {
      "icon_id": "21005658",
      "name": "1-196",
      "font_class": "1-196",
      "unicode": "e948",
      "unicode_decimal": 59720
    },
    {
      "icon_id": "21005659",
      "name": "1-187",
      "font_class": "1-187",
      "unicode": "e949",
      "unicode_decimal": 59721
    },
    {
      "icon_id": "21005660",
      "name": "1-198",
      "font_class": "1-198",
      "unicode": "e94a",
      "unicode_decimal": 59722
    },
    {
      "icon_id": "21005661",
      "name": "1-160",
      "font_class": "1-160",
      "unicode": "e94b",
      "unicode_decimal": 59723
    },
    {
      "icon_id": "21005662",
      "name": "1-197",
      "font_class": "1-197",
      "unicode": "e94c",
      "unicode_decimal": 59724
    },
    {
      "icon_id": "21005663",
      "name": "1-202",
      "font_class": "1-202",
      "unicode": "e94d",
      "unicode_decimal": 59725
    },
    {
      "icon_id": "21005664",
      "name": "1-201",
      "font_class": "1-201",
      "unicode": "e94e",
      "unicode_decimal": 59726
    },
    {
      "icon_id": "21005665",
      "name": "1-203",
      "font_class": "1-203",
      "unicode": "e94f",
      "unicode_decimal": 59727
    },
    {
      "icon_id": "21005666",
      "name": "1-194",
      "font_class": "1-194",
      "unicode": "e950",
      "unicode_decimal": 59728
    },
    {
      "icon_id": "21005667",
      "name": "1-205",
      "font_class": "1-205",
      "unicode": "e951",
      "unicode_decimal": 59729
    },
    {
      "icon_id": "21005668",
      "name": "1-200",
      "font_class": "1-200",
      "unicode": "e952",
      "unicode_decimal": 59730
    },
    {
      "icon_id": "21005669",
      "name": "1-207",
      "font_class": "1-207",
      "unicode": "e953",
      "unicode_decimal": 59731
    },
    {
      "icon_id": "21005670",
      "name": "1-209",
      "font_class": "1-209",
      "unicode": "e954",
      "unicode_decimal": 59732
    },
    {
      "icon_id": "21005671",
      "name": "1-206",
      "font_class": "1-206",
      "unicode": "e955",
      "unicode_decimal": 59733
    },
    {
      "icon_id": "21005672",
      "name": "1-217",
      "font_class": "1-217",
      "unicode": "e956",
      "unicode_decimal": 59734
    },
    {
      "icon_id": "21005673",
      "name": "1-215",
      "font_class": "1-215",
      "unicode": "e957",
      "unicode_decimal": 59735
    },
    {
      "icon_id": "21005674",
      "name": "1-216",
      "font_class": "1-216",
      "unicode": "e958",
      "unicode_decimal": 59736
    },
    {
      "icon_id": "21005675",
      "name": "1-219",
      "font_class": "1-219",
      "unicode": "e959",
      "unicode_decimal": 59737
    },
    {
      "icon_id": "21005676",
      "name": "1-179",
      "font_class": "1-179",
      "unicode": "e95a",
      "unicode_decimal": 59738
    },
    {
      "icon_id": "21005677",
      "name": "1-226",
      "font_class": "1-226",
      "unicode": "e95b",
      "unicode_decimal": 59739
    },
    {
      "icon_id": "21005678",
      "name": "1-204",
      "font_class": "1-204",
      "unicode": "e95c",
      "unicode_decimal": 59740
    },
    {
      "icon_id": "21005679",
      "name": "1-224",
      "font_class": "1-224",
      "unicode": "e95d",
      "unicode_decimal": 59741
    },
    {
      "icon_id": "21005680",
      "name": "1-212",
      "font_class": "1-212",
      "unicode": "e95e",
      "unicode_decimal": 59742
    },
    {
      "icon_id": "21005681",
      "name": "1-228",
      "font_class": "1-228",
      "unicode": "e95f",
      "unicode_decimal": 59743
    },
    {
      "icon_id": "21005682",
      "name": "1-210",
      "font_class": "1-210",
      "unicode": "e960",
      "unicode_decimal": 59744
    },
    {
      "icon_id": "21005683",
      "name": "1-229",
      "font_class": "1-229",
      "unicode": "e961",
      "unicode_decimal": 59745
    },
    {
      "icon_id": "21005684",
      "name": "1-240",
      "font_class": "1-240",
      "unicode": "e962",
      "unicode_decimal": 59746
    },
    {
      "icon_id": "21005685",
      "name": "1-225",
      "font_class": "1-225",
      "unicode": "e963",
      "unicode_decimal": 59747
    },
    {
      "icon_id": "21005686",
      "name": "1-237",
      "font_class": "1-237",
      "unicode": "e964",
      "unicode_decimal": 59748
    },
    {
      "icon_id": "21005687",
      "name": "1-213",
      "font_class": "1-213",
      "unicode": "e965",
      "unicode_decimal": 59749
    },
    {
      "icon_id": "21005688",
      "name": "1-244",
      "font_class": "1-244",
      "unicode": "e966",
      "unicode_decimal": 59750
    },
    {
      "icon_id": "21005689",
      "name": "1-245",
      "font_class": "1-245",
      "unicode": "e967",
      "unicode_decimal": 59751
    },
    {
      "icon_id": "21005690",
      "name": "1-247",
      "font_class": "1-247",
      "unicode": "e968",
      "unicode_decimal": 59752
    },
    {
      "icon_id": "21005691",
      "name": "1-248",
      "font_class": "1-248",
      "unicode": "e969",
      "unicode_decimal": 59753
    },
    {
      "icon_id": "21005692",
      "name": "1-221",
      "font_class": "1-221",
      "unicode": "e96a",
      "unicode_decimal": 59754
    },
    {
      "icon_id": "21005693",
      "name": "1-254",
      "font_class": "1-254",
      "unicode": "e96b",
      "unicode_decimal": 59755
    },
    {
      "icon_id": "21005694",
      "name": "1-243",
      "font_class": "1-243",
      "unicode": "e96c",
      "unicode_decimal": 59756
    },
    {
      "icon_id": "21005695",
      "name": "1-214",
      "font_class": "1-214",
      "unicode": "e96d",
      "unicode_decimal": 59757
    },
    {
      "icon_id": "21005696",
      "name": "1-208",
      "font_class": "1-208",
      "unicode": "e96e",
      "unicode_decimal": 59758
    },
    {
      "icon_id": "21005697",
      "name": "1-220",
      "font_class": "1-220",
      "unicode": "e96f",
      "unicode_decimal": 59759
    },
    {
      "icon_id": "21005698",
      "name": "1-242",
      "font_class": "1-242",
      "unicode": "e970",
      "unicode_decimal": 59760
    },
    {
      "icon_id": "21005699",
      "name": "1-222",
      "font_class": "1-222",
      "unicode": "e971",
      "unicode_decimal": 59761
    },
    {
      "icon_id": "21005700",
      "name": "1-234",
      "font_class": "1-234",
      "unicode": "e972",
      "unicode_decimal": 59762
    },
    {
      "icon_id": "21005702",
      "name": "1-250",
      "font_class": "1-250",
      "unicode": "e973",
      "unicode_decimal": 59763
    },
    {
      "icon_id": "21005703",
      "name": "1-227",
      "font_class": "1-227",
      "unicode": "e974",
      "unicode_decimal": 59764
    },
    {
      "icon_id": "21005704",
      "name": "1-264",
      "font_class": "1-264",
      "unicode": "e975",
      "unicode_decimal": 59765
    },
    {
      "icon_id": "21005705",
      "name": "1-265",
      "font_class": "1-265",
      "unicode": "e976",
      "unicode_decimal": 59766
    },
    {
      "icon_id": "21005706",
      "name": "1-266",
      "font_class": "1-266",
      "unicode": "e977",
      "unicode_decimal": 59767
    },
    {
      "icon_id": "21005707",
      "name": "1-272",
      "font_class": "1-272",
      "unicode": "e978",
      "unicode_decimal": 59768
    },
    {
      "icon_id": "21005708",
      "name": "1-238",
      "font_class": "1-238",
      "unicode": "e979",
      "unicode_decimal": 59769
    },
    {
      "icon_id": "21005709",
      "name": "1-277",
      "font_class": "1-277",
      "unicode": "e97a",
      "unicode_decimal": 59770
    },
    {
      "icon_id": "21005710",
      "name": "1-239",
      "font_class": "1-239",
      "unicode": "e97b",
      "unicode_decimal": 59771
    },
    {
      "icon_id": "21005711",
      "name": "1-279",
      "font_class": "1-279",
      "unicode": "e97c",
      "unicode_decimal": 59772
    },
    {
      "icon_id": "21005712",
      "name": "1-249",
      "font_class": "1-249",
      "unicode": "e97d",
      "unicode_decimal": 59773
    },
    {
      "icon_id": "21005713",
      "name": "1-233",
      "font_class": "1-233",
      "unicode": "e97e",
      "unicode_decimal": 59774
    },
    {
      "icon_id": "21005714",
      "name": "1-267",
      "font_class": "1-267",
      "unicode": "e97f",
      "unicode_decimal": 59775
    },
    {
      "icon_id": "21005715",
      "name": "1-235",
      "font_class": "1-235",
      "unicode": "e980",
      "unicode_decimal": 59776
    },
    {
      "icon_id": "21005716",
      "name": "1-263",
      "font_class": "1-263",
      "unicode": "e981",
      "unicode_decimal": 59777
    },
    {
      "icon_id": "21005717",
      "name": "1-276",
      "font_class": "1-276",
      "unicode": "e982",
      "unicode_decimal": 59778
    },
    {
      "icon_id": "21005718",
      "name": "1-253",
      "font_class": "1-253",
      "unicode": "e983",
      "unicode_decimal": 59779
    },
    {
      "icon_id": "21005719",
      "name": "1-241",
      "font_class": "1-241",
      "unicode": "e984",
      "unicode_decimal": 59780
    },
    {
      "icon_id": "21005720",
      "name": "1-256",
      "font_class": "1-256",
      "unicode": "e985",
      "unicode_decimal": 59781
    },
    {
      "icon_id": "21005721",
      "name": "1-273",
      "font_class": "1-273",
      "unicode": "e986",
      "unicode_decimal": 59782
    },
    {
      "icon_id": "21005722",
      "name": "1-283",
      "font_class": "1-283",
      "unicode": "e987",
      "unicode_decimal": 59783
    },
    {
      "icon_id": "21005723",
      "name": "1-291",
      "font_class": "1-291",
      "unicode": "e988",
      "unicode_decimal": 59784
    },
    {
      "icon_id": "21005724",
      "name": "1-290",
      "font_class": "1-290",
      "unicode": "e989",
      "unicode_decimal": 59785
    },
    {
      "icon_id": "21005725",
      "name": "1-295",
      "font_class": "1-295",
      "unicode": "e98a",
      "unicode_decimal": 59786
    },
    {
      "icon_id": "21005726",
      "name": "1-218",
      "font_class": "1-218",
      "unicode": "e98b",
      "unicode_decimal": 59787
    },
    {
      "icon_id": "21005727",
      "name": "1-280",
      "font_class": "1-280",
      "unicode": "e98c",
      "unicode_decimal": 59788
    },
    {
      "icon_id": "21005728",
      "name": "1-294",
      "font_class": "1-294",
      "unicode": "e98d",
      "unicode_decimal": 59789
    },
    {
      "icon_id": "21005729",
      "name": "1-236",
      "font_class": "1-236",
      "unicode": "e98e",
      "unicode_decimal": 59790
    },
    {
      "icon_id": "21005730",
      "name": "1-278",
      "font_class": "1-278",
      "unicode": "e98f",
      "unicode_decimal": 59791
    },
    {
      "icon_id": "21005731",
      "name": "1-282",
      "font_class": "1-282",
      "unicode": "e990",
      "unicode_decimal": 59792
    },
    {
      "icon_id": "21005732",
      "name": "1-303",
      "font_class": "1-303",
      "unicode": "e991",
      "unicode_decimal": 59793
    },
    {
      "icon_id": "21005733",
      "name": "1-287",
      "font_class": "1-287",
      "unicode": "e992",
      "unicode_decimal": 59794
    },
    {
      "icon_id": "21005734",
      "name": "1-271",
      "font_class": "1-271",
      "unicode": "e993",
      "unicode_decimal": 59795
    },
    {
      "icon_id": "21005735",
      "name": "1-298",
      "font_class": "1-298",
      "unicode": "e994",
      "unicode_decimal": 59796
    },
    {
      "icon_id": "21005736",
      "name": "2-047",
      "font_class": "2-047",
      "unicode": "e995",
      "unicode_decimal": 59797
    },
    {
      "icon_id": "21005737",
      "name": "1-300",
      "font_class": "1-300",
      "unicode": "e996",
      "unicode_decimal": 59798
    },
    {
      "icon_id": "21005738",
      "name": "1-288",
      "font_class": "1-288",
      "unicode": "e997",
      "unicode_decimal": 59799
    },
    {
      "icon_id": "21005739",
      "name": "1-320",
      "font_class": "1-320",
      "unicode": "e998",
      "unicode_decimal": 59800
    },
    {
      "icon_id": "21005740",
      "name": "1-246",
      "font_class": "1-246",
      "unicode": "e999",
      "unicode_decimal": 59801
    },
    {
      "icon_id": "21005741",
      "name": "1-297",
      "font_class": "1-297",
      "unicode": "e99a",
      "unicode_decimal": 59802
    },
    {
      "icon_id": "21005742",
      "name": "1-314",
      "font_class": "1-314",
      "unicode": "e99b",
      "unicode_decimal": 59803
    },
    {
      "icon_id": "21005743",
      "name": "1-199",
      "font_class": "1-199",
      "unicode": "e99c",
      "unicode_decimal": 59804
    },
    {
      "icon_id": "21005744",
      "name": "1-301",
      "font_class": "1-301",
      "unicode": "e99d",
      "unicode_decimal": 59805
    },
    {
      "icon_id": "21005745",
      "name": "1-318",
      "font_class": "1-318",
      "unicode": "e99e",
      "unicode_decimal": 59806
    },
    {
      "icon_id": "21005746",
      "name": "1-302",
      "font_class": "1-302",
      "unicode": "e99f",
      "unicode_decimal": 59807
    },
    {
      "icon_id": "21005747",
      "name": "1-289",
      "font_class": "1-289",
      "unicode": "e9a0",
      "unicode_decimal": 59808
    },
    {
      "icon_id": "21005748",
      "name": "1-328",
      "font_class": "1-328",
      "unicode": "e9a1",
      "unicode_decimal": 59809
    },
    {
      "icon_id": "21005750",
      "name": "1-308",
      "font_class": "1-308",
      "unicode": "e9a3",
      "unicode_decimal": 59811
    },
    {
      "icon_id": "21005751",
      "name": "1-251",
      "font_class": "1-251",
      "unicode": "e9a4",
      "unicode_decimal": 59812
    },
    {
      "icon_id": "21005752",
      "name": "1-286",
      "font_class": "1-286",
      "unicode": "e9a5",
      "unicode_decimal": 59813
    },
    {
      "icon_id": "21005753",
      "name": "1-311",
      "font_class": "1-311",
      "unicode": "e9a6",
      "unicode_decimal": 59814
    },
    {
      "icon_id": "21005754",
      "name": "1-334",
      "font_class": "1-334",
      "unicode": "e9a7",
      "unicode_decimal": 59815
    },
    {
      "icon_id": "21005755",
      "name": "1-309",
      "font_class": "1-309",
      "unicode": "e9a8",
      "unicode_decimal": 59816
    },
    {
      "icon_id": "21005756",
      "name": "1-327",
      "font_class": "1-327",
      "unicode": "e9a9",
      "unicode_decimal": 59817
    },
    {
      "icon_id": "21005757",
      "name": "1-299",
      "font_class": "1-299",
      "unicode": "e9aa",
      "unicode_decimal": 59818
    },
    {
      "icon_id": "21005758",
      "name": "1-332",
      "font_class": "1-332",
      "unicode": "e9ab",
      "unicode_decimal": 59819
    },
    {
      "icon_id": "21005759",
      "name": "1-312",
      "font_class": "1-312",
      "unicode": "e9ac",
      "unicode_decimal": 59820
    },
    {
      "icon_id": "21005760",
      "name": "1-340",
      "font_class": "1-340",
      "unicode": "e9ad",
      "unicode_decimal": 59821
    },
    {
      "icon_id": "21005761",
      "name": "1-313",
      "font_class": "1-313",
      "unicode": "e9ae",
      "unicode_decimal": 59822
    },
    {
      "icon_id": "21005762",
      "name": "1-331",
      "font_class": "1-331",
      "unicode": "e9af",
      "unicode_decimal": 59823
    },
    {
      "icon_id": "21005763",
      "name": "1-345",
      "font_class": "1-345",
      "unicode": "e9b0",
      "unicode_decimal": 59824
    },
    {
      "icon_id": "21005764",
      "name": "1-339",
      "font_class": "1-339",
      "unicode": "e9b1",
      "unicode_decimal": 59825
    },
    {
      "icon_id": "21005765",
      "name": "2-011",
      "font_class": "2-011",
      "unicode": "e9b2",
      "unicode_decimal": 59826
    },
    {
      "icon_id": "21005766",
      "name": "1-274",
      "font_class": "1-274",
      "unicode": "e9b3",
      "unicode_decimal": 59827
    },
    {
      "icon_id": "21005767",
      "name": "1-348",
      "font_class": "1-348",
      "unicode": "e9b4",
      "unicode_decimal": 59828
    },
    {
      "icon_id": "21005768",
      "name": "1-344",
      "font_class": "1-344",
      "unicode": "e9b5",
      "unicode_decimal": 59829
    },
    {
      "icon_id": "21005769",
      "name": "2-015",
      "font_class": "2-015",
      "unicode": "e9b6",
      "unicode_decimal": 59830
    },
    {
      "icon_id": "21005770",
      "name": "1-268",
      "font_class": "1-268",
      "unicode": "e9b7",
      "unicode_decimal": 59831
    },
    {
      "icon_id": "21005771",
      "name": "1-330",
      "font_class": "1-330",
      "unicode": "e9b8",
      "unicode_decimal": 59832
    },
    {
      "icon_id": "21005772",
      "name": "1-351",
      "font_class": "1-351",
      "unicode": "e9b9",
      "unicode_decimal": 59833
    },
    {
      "icon_id": "21005773",
      "name": "1-255",
      "font_class": "1-255",
      "unicode": "e9ba",
      "unicode_decimal": 59834
    },
    {
      "icon_id": "21005774",
      "name": "1-322",
      "font_class": "1-322",
      "unicode": "e9bb",
      "unicode_decimal": 59835
    },
    {
      "icon_id": "21005775",
      "name": "2-001",
      "font_class": "2-001",
      "unicode": "e9bc",
      "unicode_decimal": 59836
    },
    {
      "icon_id": "21005776",
      "name": "1-342",
      "font_class": "1-342",
      "unicode": "e9bd",
      "unicode_decimal": 59837
    },
    {
      "icon_id": "21005777",
      "name": "1-275",
      "font_class": "1-275",
      "unicode": "e9be",
      "unicode_decimal": 59838
    },
    {
      "icon_id": "21005778",
      "name": "1-350",
      "font_class": "1-350",
      "unicode": "e9bf",
      "unicode_decimal": 59839
    },
    {
      "icon_id": "21005779",
      "name": "1-323",
      "font_class": "1-323",
      "unicode": "e9c0",
      "unicode_decimal": 59840
    },
    {
      "icon_id": "21005780",
      "name": "1-343",
      "font_class": "1-343",
      "unicode": "e9c1",
      "unicode_decimal": 59841
    },
    {
      "icon_id": "21005781",
      "name": "1-347",
      "font_class": "1-347",
      "unicode": "e9c2",
      "unicode_decimal": 59842
    },
    {
      "icon_id": "21005782",
      "name": "2-003",
      "font_class": "2-003",
      "unicode": "e9c3",
      "unicode_decimal": 59843
    },
    {
      "icon_id": "21005783",
      "name": "1-211",
      "font_class": "1-211",
      "unicode": "e9c4",
      "unicode_decimal": 59844
    },
    {
      "icon_id": "21005784",
      "name": "2-012",
      "font_class": "2-012",
      "unicode": "e9c5",
      "unicode_decimal": 59845
    },
    {
      "icon_id": "21005785",
      "name": "1-346",
      "font_class": "1-346",
      "unicode": "e9c6",
      "unicode_decimal": 59846
    },
    {
      "icon_id": "21005786",
      "name": "2-023",
      "font_class": "2-023",
      "unicode": "e9c7",
      "unicode_decimal": 59847
    },
    {
      "icon_id": "21005787",
      "name": "1-293",
      "font_class": "1-293",
      "unicode": "e9c8",
      "unicode_decimal": 59848
    },
    {
      "icon_id": "21005788",
      "name": "2-020",
      "font_class": "2-020",
      "unicode": "e9c9",
      "unicode_decimal": 59849
    },
    {
      "icon_id": "21005789",
      "name": "2-019",
      "font_class": "2-019",
      "unicode": "e9ca",
      "unicode_decimal": 59850
    },
    {
      "icon_id": "21005790",
      "name": "2-004",
      "font_class": "2-004",
      "unicode": "e9cb",
      "unicode_decimal": 59851
    },
    {
      "icon_id": "21005791",
      "name": "1-223",
      "font_class": "1-223",
      "unicode": "e9cc",
      "unicode_decimal": 59852
    }
  ]
}
