{
  "id": "2030495",
  "name": "topology-2d",
  "font_family": "t-icon",
  "css_prefix_text": "t-",
  "description": "topology编辑器图标",
  "glyphs": [
    {
      "icon_id": "32127865",
      "name": "编辑--",
      "font_class": "bianji--",
      "unicode": "ea46",
      "unicode_decimal": 59974
    },
    {
      "icon_id": "32127866",
      "name": "删除--",
      "font_class": "shanchu--",
      "unicode": "ea47",
      "unicode_decimal": 59975
    },
    {
      "icon_id": "32127867",
      "name": "链接--",
      "font_class": "lianjie--",
      "unicode": "ea48",
      "unicode_decimal": 59976
    },
    {
      "icon_id": "31972864",
      "name": "格式刷",
      "font_class": "geshishua",
      "unicode": "ea45",
      "unicode_decimal": 59973
    },
    {
      "icon_id": "29853394",
      "name": "绑定",
      "font_class": "bangding",
      "unicode": "ea44",
      "unicode_decimal": 59972
    },
    {
      "icon_id": "28402358",
      "name": "公用--编辑",
      "font_class": "gongyong--bianji",
      "unicode": "e9ee",
      "unicode_decimal": 59886
    },
    {
      "icon_id": "28808962",
      "name": "步骤条",
      "font_class": "buzhoutiao",
      "unicode": "ea0a",
      "unicode_decimal": 59914
    },
    {
      "icon_id": "28808963",
      "name": "表单",
      "font_class": "biaodan",
      "unicode": "ea0b",
      "unicode_decimal": 59915
    },
    {
      "icon_id": "28808964",
      "name": "标签页",
      "font_class": "biaoqianye",
      "unicode": "ea0c",
      "unicode_decimal": 59916
    },
    {
      "icon_id": "28808965",
      "name": "表格",
      "font_class": "biaoge",
      "unicode": "ea0d",
      "unicode_decimal": 59917
    },
    {
      "icon_id": "28808966",
      "name": "按钮",
      "font_class": "anniu",
      "unicode": "ea0e",
      "unicode_decimal": 59918
    },
    {
      "icon_id": "28808967",
      "name": "单选框",
      "font_class": "danxuankuang",
      "unicode": "ea0f",
      "unicode_decimal": 59919
    },
    {
      "icon_id": "28808968",
      "name": "标签",
      "font_class": "biaoqian",
      "unicode": "ea10",
      "unicode_decimal": 59920
    },
    {
      "icon_id": "28808969",
      "name": "多选框",
      "font_class": "duoxuankuang",
      "unicode": "ea11",
      "unicode_decimal": 59921
    },
    {
      "icon_id": "28808970",
      "name": "抽屉",
      "font_class": "chouti",
      "unicode": "ea12",
      "unicode_decimal": 59922
    },
    {
      "icon_id": "28808971",
      "name": "警告提示",
      "font_class": "jinggaotishi",
      "unicode": "ea13",
      "unicode_decimal": 59923
    },
    {
      "icon_id": "28808972",
      "name": "固钉",
      "font_class": "guding",
      "unicode": "ea14",
      "unicode_decimal": 59924
    },
    {
      "icon_id": "28808973",
      "name": "分页",
      "font_class": "fenye",
      "unicode": "ea15",
      "unicode_decimal": 59925
    },
    {
      "icon_id": "28808974",
      "name": "徽标数字",
      "font_class": "huibiaoshuzi",
      "unicode": "ea16",
      "unicode_decimal": 59926
    },
    {
      "icon_id": "28808975",
      "name": "结果",
      "font_class": "jieguo",
      "unicode": "ea17",
      "unicode_decimal": 59927
    },
    {
      "icon_id": "28808976",
      "name": "骨架屏",
      "font_class": "gujiaping",
      "unicode": "ea18",
      "unicode_decimal": 59928
    },
    {
      "icon_id": "28808977",
      "name": "导航菜单",
      "font_class": "daohangcaidan",
      "unicode": "ea19",
      "unicode_decimal": 59929
    },
    {
      "icon_id": "28808978",
      "name": "穿梭框",
      "font_class": "chuansuokuang",
      "unicode": "ea1a",
      "unicode_decimal": 59930
    },
    {
      "icon_id": "28808979",
      "name": "对话框",
      "font_class": "duihuakuang",
      "unicode": "ea1b",
      "unicode_decimal": 59931
    },
    {
      "icon_id": "28808980",
      "name": "级联选择",
      "font_class": "jilianxuanze",
      "unicode": "ea1c",
      "unicode_decimal": 59932
    },
    {
      "icon_id": "28808981",
      "name": "评分",
      "font_class": "pingfen1",
      "unicode": "ea1d",
      "unicode_decimal": 59933
    },
    {
      "icon_id": "28808982",
      "name": "气泡卡片",
      "font_class": "qipaokapian",
      "unicode": "ea1e",
      "unicode_decimal": 59934
    },
    {
      "icon_id": "28808983",
      "name": "评论",
      "font_class": "pinglun",
      "unicode": "ea1f",
      "unicode_decimal": 59935
    },
    {
      "icon_id": "28808984",
      "name": "全局布局",
      "font_class": "quanjubuju",
      "unicode": "ea20",
      "unicode_decimal": 59936
    },
    {
      "icon_id": "28808985",
      "name": "树形控件",
      "font_class": "shuxingkongjian",
      "unicode": "ea21",
      "unicode_decimal": 59937
    },
    {
      "icon_id": "28808986",
      "name": "右左布局",
      "font_class": "youzuobuju",
      "unicode": "ea22",
      "unicode_decimal": 59938
    },
    {
      "icon_id": "28808987",
      "name": "进度条",
      "font_class": "jindutiao",
      "unicode": "ea23",
      "unicode_decimal": 59939
    },
    {
      "icon_id": "28808988",
      "name": "开关",
      "font_class": "kaiguan",
      "unicode": "ea24",
      "unicode_decimal": 59940
    },
    {
      "icon_id": "28808989",
      "name": "日期选择框",
      "font_class": "riqixuanzekuang",
      "unicode": "ea25",
      "unicode_decimal": 59941
    },
    {
      "icon_id": "28808990",
      "name": "文字提示",
      "font_class": "wenzitishi",
      "unicode": "ea26",
      "unicode_decimal": 59942
    },
    {
      "icon_id": "28808991",
      "name": "时间选择框",
      "font_class": "shijianxuanzekuang",
      "unicode": "ea27",
      "unicode_decimal": 59943
    },
    {
      "icon_id": "28808992",
      "name": "卡片",
      "font_class": "kapian",
      "unicode": "ea28",
      "unicode_decimal": 59944
    },
    {
      "icon_id": "28808993",
      "name": "列表",
      "font_class": "liebiao",
      "unicode": "ea29",
      "unicode_decimal": 59945
    },
    {
      "icon_id": "28808994",
      "name": "提及",
      "font_class": "tiji1",
      "unicode": "ea2a",
      "unicode_decimal": 59946
    },
    {
      "icon_id": "28808995",
      "name": "统计数值",
      "font_class": "tongjishuzhi",
      "unicode": "ea2b",
      "unicode_decimal": 59947
    },
    {
      "icon_id": "28808996",
      "name": "树选择",
      "font_class": "shuxuanze",
      "unicode": "ea2c",
      "unicode_decimal": 59948
    },
    {
      "icon_id": "28808997",
      "name": "上传",
      "font_class": "shangchuan",
      "unicode": "ea2d",
      "unicode_decimal": 59949
    },
    {
      "icon_id": "28808998",
      "name": "左右布局",
      "font_class": "zuoyoubuju",
      "unicode": "ea2e",
      "unicode_decimal": 59950
    },
    {
      "icon_id": "28808999",
      "name": "全局提示",
      "font_class": "quanjutishi",
      "unicode": "ea2f",
      "unicode_decimal": 59951
    },
    {
      "icon_id": "28809000",
      "name": "通知提醒框",
      "font_class": "tongzhitixingkuang",
      "unicode": "ea30",
      "unicode_decimal": 59952
    },
    {
      "icon_id": "28809001",
      "name": "面包屑",
      "font_class": "mianbaoxie",
      "unicode": "ea31",
      "unicode_decimal": 59953
    },
    {
      "icon_id": "28809002",
      "name": "下拉菜单",
      "font_class": "xialacaidan",
      "unicode": "ea32",
      "unicode_decimal": 59954
    },
    {
      "icon_id": "28809003",
      "name": "走马灯",
      "font_class": "zoumadeng",
      "unicode": "ea33",
      "unicode_decimal": 59955
    },
    {
      "icon_id": "28809004",
      "name": "空状态",
      "font_class": "kongzhuangtai1",
      "unicode": "ea34",
      "unicode_decimal": 59956
    },
    {
      "icon_id": "28809005",
      "name": "图标",
      "font_class": "tubiao",
      "unicode": "ea35",
      "unicode_decimal": 59957
    },
    {
      "icon_id": "28809006",
      "name": "折叠面板",
      "font_class": "zhediemianban",
      "unicode": "ea36",
      "unicode_decimal": 59958
    },
    {
      "icon_id": "28809007",
      "name": "左中右布局",
      "font_class": "zuozhongyoubuju",
      "unicode": "ea37",
      "unicode_decimal": 59959
    },
    {
      "icon_id": "28809008",
      "name": "页头",
      "font_class": "yetou",
      "unicode": "ea38",
      "unicode_decimal": 59960
    },
    {
      "icon_id": "28809009",
      "name": "选择器",
      "font_class": "xuanzeqi",
      "unicode": "ea39",
      "unicode_decimal": 59961
    },
    {
      "icon_id": "28809010",
      "name": "日历",
      "font_class": "rili",
      "unicode": "ea3a",
      "unicode_decimal": 59962
    },
    {
      "icon_id": "28809011",
      "name": "数字输入框",
      "font_class": "shuzishurukuang",
      "unicode": "ea3b",
      "unicode_decimal": 59963
    },
    {
      "icon_id": "28809012",
      "name": "时间轴",
      "font_class": "shijianzhou",
      "unicode": "ea3c",
      "unicode_decimal": 59964
    },
    {
      "icon_id": "28809013",
      "name": "头像",
      "font_class": "touxiang",
      "unicode": "ea3d",
      "unicode_decimal": 59965
    },
    {
      "icon_id": "28809014",
      "name": "自动完成",
      "font_class": "zidongwancheng",
      "unicode": "ea3e",
      "unicode_decimal": 59966
    },
    {
      "icon_id": "28809015",
      "name": "加载中",
      "font_class": "jiazaizhong",
      "unicode": "ea3f",
      "unicode_decimal": 59967
    },
    {
      "icon_id": "28809016",
      "name": "滑动输入条",
      "font_class": "huadongshurutiao",
      "unicode": "ea40",
      "unicode_decimal": 59968
    },
    {
      "icon_id": "28809017",
      "name": "气泡确认框",
      "font_class": "qipaoquerenkuang",
      "unicode": "ea41",
      "unicode_decimal": 59969
    },
    {
      "icon_id": "28809018",
      "name": "描述列表",
      "font_class": "miaoshuliebiao",
      "unicode": "ea42",
      "unicode_decimal": 59970
    },
    {
      "icon_id": "28809019",
      "name": "输入框",
      "font_class": "shurukuang",
      "unicode": "ea43",
      "unicode_decimal": 59971
    },
    {
      "icon_id": "28765090",
      "name": "主题",
      "font_class": "zhuti",
      "unicode": "ea08",
      "unicode_decimal": 59912
    },
    {
      "icon_id": "28765091",
      "name": "子主题",
      "font_class": "zizhuti",
      "unicode": "ea09",
      "unicode_decimal": 59913
    },
    {
      "icon_id": "28680293",
      "name": "八卦图",
      "font_class": "baguatu",
      "unicode": "ea06",
      "unicode_decimal": 59910
    },
    {
      "icon_id": "28025156",
      "name": "禁止瞄点",
      "font_class": "jinzhimiaodian",
      "unicode": "e9e5",
      "unicode_decimal": 59877
    },
    {
      "icon_id": "27839478",
      "name": "zhadao",
      "font_class": "zhadao",
      "unicode": "e9e3",
      "unicode_decimal": 59875
    },
    {
      "icon_id": "27839479",
      "name": "bodongkaiguan",
      "font_class": "bodongkaiguan",
      "unicode": "e9e4",
      "unicode_decimal": 59876
    },
    {
      "icon_id": "27660232",
      "name": "设置",
      "font_class": "shezhi",
      "unicode": "e9df",
      "unicode_decimal": 59871
    },
    {
      "icon_id": "27511589",
      "name": "3d",
      "font_class": "a-3d",
      "unicode": "e9d4",
      "unicode_decimal": 59860
    },
    {
      "icon_id": "27511586",
      "name": "删除",
      "font_class": "shanchu",
      "unicode": "e9d3",
      "unicode_decimal": 59859
    },
    {
      "icon_id": "27511578",
      "name": "拆解",
      "font_class": "chaijie",
      "unicode": "e9d2",
      "unicode_decimal": 59858
    },
    {
      "icon_id": "27270015",
      "name": "一样",
      "font_class": "yiyang",
      "unicode": "e9cd",
      "unicode_decimal": 59853
    },
    {
      "icon_id": "26735676",
      "name": "选择框",
      "font_class": "xuanzekuang",
      "unicode": "e9b2",
      "unicode_decimal": 59826
    },
    {
      "icon_id": "26675839",
      "name": "禁用",
      "font_class": "jinyong",
      "unicode": "e9b1",
      "unicode_decimal": 59825
    },
    {
      "icon_id": "26675835",
      "name": "无法移动",
      "font_class": "wufayidong",
      "unicode": "e9b0",
      "unicode_decimal": 59824
    },
    {
      "icon_id": "25810142",
      "name": "缩略图",
      "font_class": "suolvetu1",
      "unicode": "e9aa",
      "unicode_decimal": 59818
    },
    {
      "icon_id": "25610073",
      "name": "折线",
      "font_class": "zhexian",
      "unicode": "e9ac",
      "unicode_decimal": 59820
    },
    {
      "icon_id": "25244376",
      "name": "缩略图",
      "font_class": "suolvetu",
      "unicode": "e9a9",
      "unicode_decimal": 59817
    },
    {
      "icon_id": "25153675",
      "name": "地图",
      "font_class": "ditu",
      "unicode": "e99c",
      "unicode_decimal": 59804
    },
    {
      "icon_id": "25153650",
      "name": "放大镜",
      "font_class": "fangdajing",
      "unicode": "e9a4",
      "unicode_decimal": 59812
    },
    {
      "icon_id": "24906696",
      "name": "仪表盘全盘",
      "font_class": "yibiaopanquanpan",
      "unicode": "e992",
      "unicode_decimal": 59794
    },
    {
      "icon_id": "24906697",
      "name": "仪表盘半盘",
      "font_class": "yibiaopanbanpan",
      "unicode": "e994",
      "unicode_decimal": 59796
    },
    {
      "icon_id": "24905189",
      "name": "控制按钮",
      "font_class": "kongzhianniu",
      "unicode": "e98e",
      "unicode_decimal": 59790
    },
    {
      "icon_id": "24905149",
      "name": "齿轮箱",
      "font_class": "chilunxiang",
      "unicode": "e98b",
      "unicode_decimal": 59787
    },
    {
      "icon_id": "24885200",
      "name": "圆弧",
      "font_class": "yuanhu",
      "unicode": "e986",
      "unicode_decimal": 59782
    },
    {
      "icon_id": "24884428",
      "name": "图形指示灯",
      "font_class": "tuxingzhishideng1",
      "unicode": "e996",
      "unicode_decimal": 59798
    },
    {
      "icon_id": "24884432",
      "name": "直线",
      "font_class": "zhixian1",
      "unicode": "e99a",
      "unicode_decimal": 59802
    },
    {
      "icon_id": "24884440",
      "name": "液压泵",
      "font_class": "yeyabeng1",
      "unicode": "e9a2",
      "unicode_decimal": 59810
    },
    {
      "icon_id": "24884497",
      "name": "垂直直线",
      "font_class": "chuizhizhixian",
      "unicode": "e987",
      "unicode_decimal": 59783
    },
    {
      "icon_id": "24884498",
      "name": "标尺",
      "font_class": "biaochi",
      "unicode": "e988",
      "unicode_decimal": 59784
    },
    {
      "icon_id": "24884500",
      "name": "水平直线",
      "font_class": "shuipingzhixian",
      "unicode": "e98a",
      "unicode_decimal": 59786
    },
    {
      "icon_id": "24590494",
      "name": "语言",
      "font_class": "yuyan",
      "unicode": "e984",
      "unicode_decimal": 59780
    },
    {
      "icon_id": "24573553",
      "name": "自动锚点",
      "font_class": "maodian",
      "unicode": "e97d",
      "unicode_decimal": 59773
    },
    {
      "icon_id": "24553660",
      "name": "锁上",
      "font_class": "lock",
      "unicode": "e97c",
      "unicode_decimal": 59772
    },
    {
      "icon_id": "24553649",
      "name": "开锁",
      "font_class": "unlock",
      "unicode": "e97b",
      "unicode_decimal": 59771
    },
    {
      "icon_id": "24550517",
      "name": "起点",
      "font_class": "line",
      "unicode": "e978",
      "unicode_decimal": 59768
    },
    {
      "icon_id": "24550519",
      "name": "分享",
      "font_class": "share",
      "unicode": "e97a",
      "unicode_decimal": 59770
    },
    {
      "icon_id": "24550523",
      "name": "自动锚点",
      "font_class": "maodianjiyong",
      "unicode": "e97e",
      "unicode_decimal": 59774
    },
    {
      "icon_id": "24550524",
      "name": "预览",
      "font_class": "attention",
      "unicode": "e97f",
      "unicode_decimal": 59775
    },
    {
      "icon_id": "24550525",
      "name": "铅笔",
      "font_class": "qianbi",
      "unicode": "e980",
      "unicode_decimal": 59776
    },
    {
      "icon_id": "24550526",
      "name": "终点",
      "font_class": "to-triangleSolid",
      "unicode": "e981",
      "unicode_decimal": 59777
    },
    {
      "icon_id": "24550527",
      "name": "社区",
      "font_class": "shequ",
      "unicode": "e982",
      "unicode_decimal": 59778
    },
    {
      "icon_id": "24550528",
      "name": "钢笔",
      "font_class": "curve",
      "unicode": "e983",
      "unicode_decimal": 59779
    },
    {
      "icon_id": "24550214",
      "name": "撤销",
      "font_class": "reply",
      "unicode": "e973",
      "unicode_decimal": 59763
    },
    {
      "icon_id": "24550160",
      "name": "保存",
      "font_class": "save",
      "unicode": "e972",
      "unicode_decimal": 59762
    },
    {
      "icon_id": "24550080",
      "name": "文件",
      "font_class": "folder",
      "unicode": "e970",
      "unicode_decimal": 59760
    },
    {
      "icon_id": "24550042",
      "name": "帮助",
      "font_class": "help-circle",
      "unicode": "e96f",
      "unicode_decimal": 59759
    },
    {
      "icon_id": "7515313",
      "name": "project",
      "font_class": "project",
      "unicode": "e673",
      "unicode_decimal": 58995
    },
    {
      "icon_id": "12896520",
      "name": "对象模型",
      "font_class": "duixiangmoxing",
      "unicode": "e672",
      "unicode_decimal": 58994
    },
    {
      "icon_id": "16268749",
      "name": "模型",
      "font_class": "moxing",
      "unicode": "e82c",
      "unicode_decimal": 59436
    },
    {
      "icon_id": "21053830",
      "name": "业务",
      "font_class": "yewu",
      "unicode": "e68a",
      "unicode_decimal": 59018
    },
    {
      "icon_id": "22565608",
      "name": "人员",
      "font_class": "renyuan",
      "unicode": "e96b",
      "unicode_decimal": 59755
    },
    {
      "icon_id": "21937549",
      "name": "打开",
      "font_class": "dakai",
      "unicode": "e966",
      "unicode_decimal": 59750
    },
    {
      "icon_id": "21937550",
      "name": "全封闭",
      "font_class": "quanfengbi",
      "unicode": "e967",
      "unicode_decimal": 59751
    },
    {
      "icon_id": "7239575",
      "name": "tool",
      "font_class": "tool",
      "unicode": "e70c",
      "unicode_decimal": 59148
    },
    {
      "icon_id": "21615292",
      "name": "rounddelete",
      "font_class": "rounddelete",
      "unicode": "e964",
      "unicode_decimal": 59748
    },
    {
      "icon_id": "21615293",
      "name": "roundadd",
      "font_class": "roundadd",
      "unicode": "e965",
      "unicode_decimal": 59749
    },
    {
      "icon_id": "21179319",
      "name": "温度计",
      "font_class": "wenduji",
      "unicode": "e955",
      "unicode_decimal": 59733
    },
    {
      "icon_id": "21179321",
      "name": "水流检测器",
      "font_class": "shuiliujianceqi",
      "unicode": "e956",
      "unicode_decimal": 59734
    },
    {
      "icon_id": "21151511",
      "name": "条件事件",
      "font_class": "tiaojianshijian",
      "unicode": "e671",
      "unicode_decimal": 58993
    },
    {
      "icon_id": "21151308",
      "name": "异或门",
      "font_class": "yihuomen",
      "unicode": "e660",
      "unicode_decimal": 58976
    },
    {
      "icon_id": "21150890",
      "name": "OR 门",
      "font_class": "ORmen",
      "unicode": "e652",
      "unicode_decimal": 58962
    },
    {
      "icon_id": "21150891",
      "name": "基本事件",
      "font_class": "jibenshijian",
      "unicode": "e654",
      "unicode_decimal": 58964
    },
    {
      "icon_id": "21150892",
      "name": "禁止门",
      "font_class": "jinzhimen",
      "unicode": "e655",
      "unicode_decimal": 58965
    },
    {
      "icon_id": "21150893",
      "name": "开关事件",
      "font_class": "kaiguanshijian",
      "unicode": "e65d",
      "unicode_decimal": 58973
    },
    {
      "icon_id": "21150894",
      "name": "优先 AND 门",
      "font_class": "youxianANDmen",
      "unicode": "e65f",
      "unicode_decimal": 58975
    },
    {
      "icon_id": "21150896",
      "name": "未展开事件",
      "font_class": "weizhankaishijian",
      "unicode": "e661",
      "unicode_decimal": 58977
    },
    {
      "icon_id": "21150897",
      "name": "转移符号",
      "font_class": "zhuanyifuhao",
      "unicode": "e666",
      "unicode_decimal": 58982
    },
    {
      "icon_id": "21150898",
      "name": "事件",
      "font_class": "shijian",
      "unicode": "e66e",
      "unicode_decimal": 58990
    },
    {
      "icon_id": "21150899",
      "name": "表决门",
      "font_class": "biaojuemen",
      "unicode": "e66f",
      "unicode_decimal": 58991
    },
    {
      "icon_id": "21150900",
      "name": "AND 门",
      "font_class": "ANDmen",
      "unicode": "e670",
      "unicode_decimal": 58992
    },
    {
      "icon_id": "21145839",
      "name": "环形",
      "font_class": "huanxing",
      "unicode": "e954",
      "unicode_decimal": 59732
    },
    {
      "icon_id": "20986227",
      "name": "空状态",
      "font_class": "kongzhuangtai",
      "unicode": "e903",
      "unicode_decimal": 59651
    },
    {
      "icon_id": "20986228",
      "name": "评分",
      "font_class": "pingfen",
      "unicode": "e904",
      "unicode_decimal": 59652
    },
    {
      "icon_id": "20940754",
      "name": "提及",
      "font_class": "tiji",
      "unicode": "e8d8",
      "unicode_decimal": 59608
    },
    {
      "icon_id": "20789852",
      "name": "04",
      "font_class": "04",
      "unicode": "e8c5",
      "unicode_decimal": 59589
    },
    {
      "icon_id": "20789853",
      "name": "02",
      "font_class": "02",
      "unicode": "e8c6",
      "unicode_decimal": 59590
    },
    {
      "icon_id": "20789854",
      "name": "03",
      "font_class": "03",
      "unicode": "e8c7",
      "unicode_decimal": 59591
    },
    {
      "icon_id": "20789855",
      "name": "06",
      "font_class": "06",
      "unicode": "e8c8",
      "unicode_decimal": 59592
    },
    {
      "icon_id": "20789856",
      "name": "05",
      "font_class": "05",
      "unicode": "e8c9",
      "unicode_decimal": 59593
    },
    {
      "icon_id": "20789857",
      "name": "08",
      "font_class": "08",
      "unicode": "e8ca",
      "unicode_decimal": 59594
    },
    {
      "icon_id": "20789858",
      "name": "01",
      "font_class": "01",
      "unicode": "e8cb",
      "unicode_decimal": 59595
    },
    {
      "icon_id": "20789859",
      "name": "07",
      "font_class": "07",
      "unicode": "e8cc",
      "unicode_decimal": 59596
    },
    {
      "icon_id": "20789860",
      "name": "09",
      "font_class": "09",
      "unicode": "e8cd",
      "unicode_decimal": 59597
    },
    {
      "icon_id": "20789861",
      "name": "10",
      "font_class": "10",
      "unicode": "e8ce",
      "unicode_decimal": 59598
    },
    {
      "icon_id": "5342025",
      "name": "file-add",
      "font_class": "file-add",
      "unicode": "e687",
      "unicode_decimal": 59015
    },
    {
      "icon_id": "7145835",
      "name": "image_upload",
      "font_class": "image_upload",
      "unicode": "eb8d",
      "unicode_decimal": 60301
    },
    {
      "icon_id": "20452215",
      "name": "image-add",
      "font_class": "image-add",
      "unicode": "e901",
      "unicode_decimal": 59649
    },
    {
      "icon_id": "4734157",
      "name": "签名，手写，钢笔",
      "font_class": "pen",
      "unicode": "e64f",
      "unicode_decimal": 58959
    },
    {
      "icon_id": "9820063",
      "name": "pen",
      "font_class": "pencil",
      "unicode": "e7d6",
      "unicode_decimal": 59350
    },
    {
      "icon_id": "19567744",
      "name": "描点忌用",
      "font_class": "miaodianjiyong",
      "unicode": "e79a",
      "unicode_decimal": 59290
    },
    {
      "icon_id": "4585608",
      "name": "nav-pool",
      "font_class": "pool",
      "unicode": "e64d",
      "unicode_decimal": 58957
    },
    {
      "icon_id": "8182345",
      "name": "进度条",
      "font_class": "progress",
      "unicode": "e66d",
      "unicode_decimal": 58989
    },
    {
      "icon_id": "29923",
      "name": "appreciate",
      "font_class": "appreciate",
      "unicode": "e644",
      "unicode_decimal": 58948
    },
    {
      "icon_id": "29924",
      "name": "check",
      "font_class": "check",
      "unicode": "e645",
      "unicode_decimal": 58949
    },
    {
      "icon_id": "29925",
      "name": "close",
      "font_class": "close",
      "unicode": "e646",
      "unicode_decimal": 58950
    },
    {
      "icon_id": "29941",
      "name": "round_check_fill",
      "font_class": "roundcheckfill",
      "unicode": "e656",
      "unicode_decimal": 58966
    },
    {
      "icon_id": "29942",
      "name": "round_check",
      "font_class": "roundcheck",
      "unicode": "e657",
      "unicode_decimal": 58967
    },
    {
      "icon_id": "29943",
      "name": "round_close_fill",
      "font_class": "roundclosefill",
      "unicode": "e658",
      "unicode_decimal": 58968
    },
    {
      "icon_id": "29944",
      "name": "round_close",
      "font_class": "roundclose",
      "unicode": "e659",
      "unicode_decimal": 58969
    },
    {
      "icon_id": "29953",
      "name": "warn_fill",
      "font_class": "warnfill",
      "unicode": "e662",
      "unicode_decimal": 58978
    },
    {
      "icon_id": "29954",
      "name": "warn",
      "font_class": "warn",
      "unicode": "e663",
      "unicode_decimal": 58979
    },
    {
      "icon_id": "30415",
      "name": "comment_fill",
      "font_class": "commentfill",
      "unicode": "e667",
      "unicode_decimal": 58983
    },
    {
      "icon_id": "30417",
      "name": "like_fill",
      "font_class": "likefill",
      "unicode": "e668",
      "unicode_decimal": 58984
    },
    {
      "icon_id": "30418",
      "name": "like",
      "font_class": "like",
      "unicode": "e669",
      "unicode_decimal": 58985
    },
    {
      "icon_id": "30419",
      "name": "notification_fill",
      "font_class": "notificationfill",
      "unicode": "e66a",
      "unicode_decimal": 58986
    },
    {
      "icon_id": "30420",
      "name": "notification",
      "font_class": "notification",
      "unicode": "e66b",
      "unicode_decimal": 58987
    },
    {
      "icon_id": "30452",
      "name": "more",
      "font_class": "more",
      "unicode": "e684",
      "unicode_decimal": 59012
    },
    {
      "icon_id": "32326",
      "name": "more_android",
      "font_class": "moreandroid",
      "unicode": "e6a5",
      "unicode_decimal": 59045
    },
    {
      "icon_id": "32471",
      "name": "cart",
      "font_class": "cart",
      "unicode": "e6af",
      "unicode_decimal": 59055
    },
    {
      "icon_id": "33516",
      "name": "home",
      "font_class": "home",
      "unicode": "e6b8",
      "unicode_decimal": 59064
    },
    {
      "icon_id": "33520",
      "name": "message",
      "font_class": "message",
      "unicode": "e6bc",
      "unicode_decimal": 59068
    },
    {
      "icon_id": "38747",
      "name": "add",
      "font_class": "add",
      "unicode": "e6da",
      "unicode_decimal": 59098
    },
    {
      "icon_id": "43903",
      "name": "appreciate_fill",
      "font_class": "appreciatefill",
      "unicode": "e6e3",
      "unicode_decimal": 59107
    },
    {
      "icon_id": "43904",
      "name": "info_fill",
      "font_class": "infofill",
      "unicode": "e6e4",
      "unicode_decimal": 59108
    },
    {
      "icon_id": "43905",
      "name": "info",
      "font_class": "info",
      "unicode": "e6e5",
      "unicode_decimal": 59109
    },
    {
      "icon_id": "69057",
      "name": "sort",
      "font_class": "sort",
      "unicode": "e700",
      "unicode_decimal": 59136
    },
    {
      "icon_id": "88609",
      "name": "copy",
      "font_class": "copy",
      "unicode": "e706",
      "unicode_decimal": 59142
    },
    {
      "icon_id": "88612",
      "name": "notice_fill",
      "font_class": "noticefill",
      "unicode": "e709",
      "unicode_decimal": 59145
    },
    {
      "icon_id": "88613",
      "name": "notice",
      "font_class": "notice",
      "unicode": "e70a",
      "unicode_decimal": 59146
    },
    {
      "icon_id": "108148",
      "name": "font",
      "font_class": "font",
      "unicode": "e6ec",
      "unicode_decimal": 59116
    },
    {
      "icon_id": "109718",
      "name": "app",
      "font_class": "app",
      "unicode": "e63e",
      "unicode_decimal": 58942
    },
    {
      "icon_id": "122688",
      "name": "back",
      "font_class": "angle-left",
      "unicode": "e697",
      "unicode_decimal": 59031
    },
    {
      "icon_id": "122702",
      "name": "less",
      "font_class": "angle-top",
      "unicode": "e6a6",
      "unicode_decimal": 59046
    },
    {
      "icon_id": "122703",
      "name": "more_unfold",
      "font_class": "angle-down",
      "unicode": "e6a7",
      "unicode_decimal": 59047
    },
    {
      "icon_id": "122704",
      "name": "more",
      "font_class": "angle-right",
      "unicode": "e6a8",
      "unicode_decimal": 59048
    },
    {
      "icon_id": "128666",
      "name": "clock",
      "font_class": "clock",
      "unicode": "e688",
      "unicode_decimal": 59016
    },
    {
      "icon_id": "136707",
      "name": "refresh_arrow",
      "font_class": "arrow-down",
      "unicode": "e72d",
      "unicode_decimal": 59181
    },
    {
      "icon_id": "184992",
      "name": "580-单线，滑雪",
      "font_class": "huaxue",
      "unicode": "e9bc",
      "unicode_decimal": 59836
    },
    {
      "icon_id": "206373",
      "name": "bold",
      "font_class": "bold",
      "unicode": "e603",
      "unicode_decimal": 58883
    },
    {
      "icon_id": "206604",
      "name": "search",
      "font_class": "search",
      "unicode": "e623",
      "unicode_decimal": 58915
    },
    {
      "icon_id": "212331",
      "name": "tag",
      "font_class": "tag",
      "unicode": "e752",
      "unicode_decimal": 59218
    },
    {
      "icon_id": "348582",
      "name": "image",
      "font_class": "image",
      "unicode": "eb26",
      "unicode_decimal": 60198
    },
    {
      "icon_id": "406673",
      "name": "align-top",
      "font_class": "align-top",
      "unicode": "e651",
      "unicode_decimal": 58961
    },
    {
      "icon_id": "513808",
      "name": "font-color",
      "font_class": "bk-color",
      "unicode": "e647",
      "unicode_decimal": 58951
    },
    {
      "icon_id": "592094",
      "name": "help",
      "font_class": "help",
      "unicode": "e61e",
      "unicode_decimal": 58910
    },
    {
      "icon_id": "612454",
      "name": "circle",
      "font_class": "circle",
      "unicode": "e600",
      "unicode_decimal": 58880
    },
    {
      "icon_id": "646995",
      "name": "bar-chart",
      "font_class": "bar-chart",
      "unicode": "e63c",
      "unicode_decimal": 58940
    },
    {
      "icon_id": "647411",
      "name": "play",
      "font_class": "play",
      "unicode": "e636",
      "unicode_decimal": 58934
    },
    {
      "icon_id": "702736",
      "name": "loading",
      "font_class": "loading",
      "unicode": "e61c",
      "unicode_decimal": 58908
    },
    {
      "icon_id": "746219",
      "name": "客服",
      "font_class": "kefu",
      "unicode": "e65c",
      "unicode_decimal": 58972
    },
    {
      "icon_id": "792438",
      "name": "cube-立方体",
      "font_class": "cube",
      "unicode": "e6fc",
      "unicode_decimal": 59132
    },
    {
      "icon_id": "929830",
      "name": "star-half-o",
      "font_class": "star-half-o",
      "unicode": "e828",
      "unicode_decimal": 59432
    },
    {
      "icon_id": "929834",
      "name": "star-o",
      "font_class": "star-o",
      "unicode": "e82a",
      "unicode_decimal": 59434
    },
    {
      "icon_id": "929835",
      "name": "star",
      "font_class": "star",
      "unicode": "e82b",
      "unicode_decimal": 59435
    },
    {
      "icon_id": "983290",
      "name": "replay-single-right",
      "font_class": "redo",
      "unicode": "e8ae",
      "unicode_decimal": 59566
    },
    {
      "icon_id": "1392475",
      "name": "triangledown",
      "font_class": "triangle-down",
      "unicode": "e70f",
      "unicode_decimal": 59151
    },
    {
      "icon_id": "1392476",
      "name": "triangleup",
      "font_class": "triangle-up",
      "unicode": "e710",
      "unicode_decimal": 59152
    },
    {
      "icon_id": "1410328",
      "name": "event",
      "font_class": "flow-event",
      "unicode": "e665",
      "unicode_decimal": 58981
    },
    {
      "icon_id": "1718355",
      "name": "右箭头",
      "font_class": "triangle-right",
      "unicode": "e607",
      "unicode_decimal": 58887
    },
    {
      "icon_id": "1718358",
      "name": "左箭头",
      "font_class": "triangle-left",
      "unicode": "e608",
      "unicode_decimal": 58888
    },
    {
      "icon_id": "1725069",
      "name": "PC",
      "font_class": "pc",
      "unicode": "e639",
      "unicode_decimal": 58937
    },
    {
      "icon_id": "1869872",
      "name": "Line Chart",
      "font_class": "line-chart",
      "unicode": "e851",
      "unicode_decimal": 59473
    },
    {
      "icon_id": "1895376",
      "name": "download",
      "font_class": "download",
      "unicode": "e691",
      "unicode_decimal": 59025
    },
    {
      "icon_id": "2476899",
      "name": "see user o",
      "font_class": "user",
      "unicode": "e643",
      "unicode_decimal": 58947
    },
    {
      "icon_id": "2681006",
      "name": "star",
      "font_class": "pentagram",
      "unicode": "e64b",
      "unicode_decimal": 58955
    },
    {
      "icon_id": "2742943",
      "name": "网格",
      "font_class": "grid",
      "unicode": "e65a",
      "unicode_decimal": 58970
    },
    {
      "icon_id": "2927517",
      "name": "text",
      "font_class": "text",
      "unicode": "e728",
      "unicode_decimal": 59176
    },
    {
      "icon_id": "4407332",
      "name": "file",
      "font_class": "file",
      "unicode": "e7b4",
      "unicode_decimal": 59316
    },
    {
      "icon_id": "4602371",
      "name": "Circle",
      "font_class": "inital",
      "unicode": "e716",
      "unicode_decimal": 59158
    },
    {
      "icon_id": "4630322",
      "name": "rect",
      "font_class": "round-rect",
      "unicode": "e62d",
      "unicode_decimal": 58925
    },
    {
      "icon_id": "4708230",
      "name": "zip",
      "font_class": "zip",
      "unicode": "e65b",
      "unicode_decimal": 58971
    },
    {
      "icon_id": "5026046",
      "name": "up-load",
      "font_class": "upload",
      "unicode": "e64a",
      "unicode_decimal": 58954
    },
    {
      "icon_id": "5900853",
      "name": "发布色块",
      "font_class": "fly",
      "unicode": "ec46",
      "unicode_decimal": 60486
    },
    {
      "icon_id": "6006249",
      "name": "仪表盘",
      "font_class": "dashboard-chart",
      "unicode": "e68b",
      "unicode_decimal": 59019
    },
    {
      "icon_id": "6062453",
      "name": "image",
      "font_class": "picture",
      "unicode": "e64e",
      "unicode_decimal": 58958
    },
    {
      "icon_id": "6155665",
      "name": "Pie chart-饼状图-1",
      "font_class": "pie-chart",
      "unicode": "e63d",
      "unicode_decimal": 58941
    },
    {
      "icon_id": "6345980",
      "name": "reduce",
      "font_class": "reduce",
      "unicode": "e648",
      "unicode_decimal": 58952
    },
    {
      "icon_id": "6370382",
      "name": "align_center",
      "font_class": "align-center",
      "unicode": "e635",
      "unicode_decimal": 58933
    },
    {
      "icon_id": "6441099",
      "name": "panel",
      "font_class": "panel",
      "unicode": "e6a2",
      "unicode_decimal": 59042
    },
    {
      "icon_id": "6752243",
      "name": "跑步",
      "font_class": "paobu",
      "unicode": "e70d",
      "unicode_decimal": 59149
    },
    {
      "icon_id": "7043651",
      "name": "阳光",
      "font_class": "yangguang",
      "unicode": "e653",
      "unicode_decimal": 58963
    },
    {
      "icon_id": "7214818",
      "name": "Arrow right 4",
      "font_class": "arrow-right",
      "unicode": "e6c0",
      "unicode_decimal": 59072
    },
    {
      "icon_id": "7270921",
      "name": "full-screen",
      "font_class": "full-screen",
      "unicode": "e63a",
      "unicode_decimal": 58938
    },
    {
      "icon_id": "7403018",
      "name": "数据",
      "font_class": "data",
      "unicode": "e64c",
      "unicode_decimal": 58956
    },
    {
      "icon_id": "7766820",
      "name": "icon_workfile_line",
      "font_class": "folder-open",
      "unicode": "eba3",
      "unicode_decimal": 60323
    },
    {
      "icon_id": "7841736",
      "name": "json",
      "font_class": "json",
      "unicode": "e63f",
      "unicode_decimal": 58943
    },
    {
      "icon_id": "8011369",
      "name": "dash-dot",
      "font_class": "dash-dot",
      "unicode": "e664",
      "unicode_decimal": 58980
    },
    {
      "icon_id": "8128129",
      "name": "排列",
      "font_class": "tiled",
      "unicode": "e640",
      "unicode_decimal": 58944
    },
    {
      "icon_id": "8160876",
      "name": "circle",
      "font_class": "final",
      "unicode": "e61d",
      "unicode_decimal": 58909
    },
    {
      "icon_id": "8193864",
      "name": "add",
      "font_class": "box-add",
      "unicode": "e619",
      "unicode_decimal": 58905
    },
    {
      "icon_id": "8897417",
      "name": "loop",
      "font_class": "loop",
      "unicode": "e638",
      "unicode_decimal": 58936
    },
    {
      "icon_id": "9972376",
      "name": "horizontal-between",
      "font_class": "horizontal-between",
      "unicode": "e641",
      "unicode_decimal": 58945
    },
    {
      "icon_id": "9972384",
      "name": "vertical-between",
      "font_class": "vertical-between",
      "unicode": "e642",
      "unicode_decimal": 58946
    },
    {
      "icon_id": "9972483",
      "name": "Arrow right 4",
      "font_class": "arrow-left",
      "unicode": "ec47",
      "unicode_decimal": 60487
    },
    {
      "icon_id": "10064812",
      "name": "flow-start",
      "font_class": "flow-start",
      "unicode": "e602",
      "unicode_decimal": 58882
    },
    {
      "icon_id": "10064866",
      "name": "document",
      "font_class": "flow-document",
      "unicode": "e601",
      "unicode_decimal": 58881
    },
    {
      "icon_id": "10065819",
      "name": "flow-data",
      "font_class": "flow-data",
      "unicode": "e605",
      "unicode_decimal": 58885
    },
    {
      "icon_id": "10095066",
      "name": "flow-ready",
      "font_class": "flow-ready",
      "unicode": "e609",
      "unicode_decimal": 58889
    },
    {
      "icon_id": "10095234",
      "name": "rectangle",
      "font_class": "rectangle",
      "unicode": "e60b",
      "unicode_decimal": 58891
    },
    {
      "icon_id": "10095423",
      "name": "diamond",
      "font_class": "diamond",
      "unicode": "e604",
      "unicode_decimal": 58884
    },
    {
      "icon_id": "10106673",
      "name": "flow-manually",
      "font_class": "flow-manually",
      "unicode": "e610",
      "unicode_decimal": 58896
    },
    {
      "icon_id": "10106987",
      "name": "flow-display",
      "font_class": "flow-display",
      "unicode": "e611",
      "unicode_decimal": 58897
    },
    {
      "icon_id": "10107120",
      "name": "flow-parallel",
      "font_class": "flow-parallel",
      "unicode": "e612",
      "unicode_decimal": 58898
    },
    {
      "icon_id": "10107205",
      "name": "flow-comment",
      "font_class": "flow-comment",
      "unicode": "e613",
      "unicode_decimal": 58899
    },
    {
      "icon_id": "10113799",
      "name": "flow-queue",
      "font_class": "flow-queue",
      "unicode": "e614",
      "unicode_decimal": 58900
    },
    {
      "icon_id": "10114078",
      "name": "rect",
      "font_class": "rect",
      "unicode": "e60f",
      "unicode_decimal": 58895
    },
    {
      "icon_id": "10114363",
      "name": "triangle",
      "font_class": "triangle",
      "unicode": "e615",
      "unicode_decimal": 58901
    },
    {
      "icon_id": "10114501",
      "name": "pentagon",
      "font_class": "pentagon",
      "unicode": "e616",
      "unicode_decimal": 58902
    },
    {
      "icon_id": "10114593",
      "name": "hexagon",
      "font_class": "hexagon",
      "unicode": "e617",
      "unicode_decimal": 58903
    },
    {
      "icon_id": "10115322",
      "name": "cloud",
      "font_class": "cloud",
      "unicode": "e60a",
      "unicode_decimal": 58890
    },
    {
      "icon_id": "10115461",
      "name": "message",
      "font_class": "msg",
      "unicode": "e61a",
      "unicode_decimal": 58906
    },
    {
      "icon_id": "10115692",
      "name": "flow-subprocess",
      "font_class": "flow-subprocess",
      "unicode": "e606",
      "unicode_decimal": 58886
    },
    {
      "icon_id": "10116132",
      "name": "db",
      "font_class": "db",
      "unicode": "e60c",
      "unicode_decimal": 58892
    },
    {
      "icon_id": "10116943",
      "name": "internal-storage",
      "font_class": "internal-storage",
      "unicode": "e60d",
      "unicode_decimal": 58893
    },
    {
      "icon_id": "10117033",
      "name": "extern-storage",
      "font_class": "extern-storage",
      "unicode": "e60e",
      "unicode_decimal": 58894
    },
    {
      "icon_id": "10305989",
      "name": "pause",
      "font_class": "pause",
      "unicode": "e698",
      "unicode_decimal": 59032
    },
    {
      "icon_id": "10735110",
      "name": "action",
      "font_class": "action",
      "unicode": "e61f",
      "unicode_decimal": 58911
    },
    {
      "icon_id": "10736346",
      "name": "swimlane-v",
      "font_class": "swimlane-v",
      "unicode": "e620",
      "unicode_decimal": 58912
    },
    {
      "icon_id": "10736388",
      "name": "swimlane-v",
      "font_class": "swimlane-h",
      "unicode": "ec48",
      "unicode_decimal": 60488
    },
    {
      "icon_id": "10736525",
      "name": "fork",
      "font_class": "fork-v",
      "unicode": "e621",
      "unicode_decimal": 58913
    },
    {
      "icon_id": "10763504",
      "name": "fork",
      "font_class": "fork",
      "unicode": "ec49",
      "unicode_decimal": 60489
    },
    {
      "icon_id": "10859008",
      "name": "lifeline",
      "font_class": "lifeline",
      "unicode": "e624",
      "unicode_decimal": 58916
    },
    {
      "icon_id": "10859409",
      "name": "people",
      "font_class": "people",
      "unicode": "e625",
      "unicode_decimal": 58917
    },
    {
      "icon_id": "10859913",
      "name": "focus",
      "font_class": "focus",
      "unicode": "e622",
      "unicode_decimal": 58914
    },
    {
      "icon_id": "10861164",
      "name": "simple-class",
      "font_class": "simple-class",
      "unicode": "e626",
      "unicode_decimal": 58918
    },
    {
      "icon_id": "10861232",
      "name": "simple-class",
      "font_class": "class",
      "unicode": "e627",
      "unicode_decimal": 58919
    },
    {
      "icon_id": "11015562",
      "name": "polyline",
      "font_class": "polyline",
      "unicode": "e629",
      "unicode_decimal": 58921
    },
    {
      "icon_id": "11100703",
      "name": "file-svg",
      "font_class": "svg",
      "unicode": "e86e",
      "unicode_decimal": 59502
    },
    {
      "icon_id": "11104629",
      "name": "triangleSolid",
      "font_class": "to-triangle",
      "unicode": "e62a",
      "unicode_decimal": 58922
    },
    {
      "icon_id": "11104633",
      "name": "triangleSolid",
      "font_class": "from-triangle",
      "unicode": "ec4b",
      "unicode_decimal": 60491
    },
    {
      "icon_id": "11104670",
      "name": "triangleSolid",
      "font_class": "from-diamond",
      "unicode": "e62c",
      "unicode_decimal": 58924
    },
    {
      "icon_id": "11104688",
      "name": "triangleSolid",
      "font_class": "to-diamond",
      "unicode": "ec4c",
      "unicode_decimal": 60492
    },
    {
      "icon_id": "11105191",
      "name": "triangleSolid",
      "font_class": "to-circle",
      "unicode": "e62f",
      "unicode_decimal": 58927
    },
    {
      "icon_id": "11105203",
      "name": "triangleSolid",
      "font_class": "from-circle",
      "unicode": "ec4e",
      "unicode_decimal": 60494
    },
    {
      "icon_id": "11105301",
      "name": "triangleSolid",
      "font_class": "to-lineUp",
      "unicode": "e631",
      "unicode_decimal": 58929
    },
    {
      "icon_id": "11105316",
      "name": "triangleSolid",
      "font_class": "from-lineDown",
      "unicode": "ec50",
      "unicode_decimal": 60496
    },
    {
      "icon_id": "11105333",
      "name": "triangleSolid",
      "font_class": "to-lineDown",
      "unicode": "e632",
      "unicode_decimal": 58930
    },
    {
      "icon_id": "11105356",
      "name": "triangleSolid",
      "font_class": "from-lineUp",
      "unicode": "ec51",
      "unicode_decimal": 60497
    },
    {
      "icon_id": "11108319",
      "name": "triangleSolid",
      "font_class": "from-",
      "unicode": "e633",
      "unicode_decimal": 58931
    },
    {
      "icon_id": "11108320",
      "name": "triangleSolid",
      "font_class": "to-",
      "unicode": "ec52",
      "unicode_decimal": 60498
    },
    {
      "icon_id": "11108327",
      "name": "triangleSolid",
      "font_class": "from-triangleSolid",
      "unicode": "e634",
      "unicode_decimal": 58932
    },
    {
      "icon_id": "11108343",
      "name": "triangleSolid (1)",
      "font_class": "from-diamondSolid",
      "unicode": "e62e",
      "unicode_decimal": 58926
    },
    {
      "icon_id": "11108346",
      "name": "triangleSolid (1)",
      "font_class": "to-diamondSolid",
      "unicode": "ec54",
      "unicode_decimal": 60500
    },
    {
      "icon_id": "11108348",
      "name": "triangleSolid (2)",
      "font_class": "to-circleSolid",
      "unicode": "e62b",
      "unicode_decimal": 58923
    },
    {
      "icon_id": "11108349",
      "name": "triangleSolid (2)",
      "font_class": "from-circleSolid",
      "unicode": "ec55",
      "unicode_decimal": 60501
    },
    {
      "icon_id": "11291726",
      "name": "line",
      "font_class": "from-line",
      "unicode": "e630",
      "unicode_decimal": 58928
    },
    {
      "icon_id": "11291777",
      "name": "line",
      "font_class": "to-line",
      "unicode": "ec56",
      "unicode_decimal": 60502
    },
    {
      "icon_id": "11306968",
      "name": "refresh_arrow",
      "font_class": "arrow-up",
      "unicode": "ec57",
      "unicode_decimal": 60503
    },
    {
      "icon_id": "11554350",
      "name": "align-top",
      "font_class": "align-bottom",
      "unicode": "ec58",
      "unicode_decimal": 60504
    },
    {
      "icon_id": "11554375",
      "name": "align-top",
      "font_class": "align-left",
      "unicode": "ec59",
      "unicode_decimal": 60505
    },
    {
      "icon_id": "11554404",
      "name": "align-top",
      "font_class": "align-right",
      "unicode": "ec5a",
      "unicode_decimal": 60506
    },
    {
      "icon_id": "11564132",
      "name": "align_center",
      "font_class": "align-middle",
      "unicode": "ec5b",
      "unicode_decimal": 60507
    },
    {
      "icon_id": "12179144",
      "name": "mind",
      "font_class": "mind",
      "unicode": "e63b",
      "unicode_decimal": 58939
    },
    {
      "icon_id": "12472239",
      "name": "curve",
      "font_class": "curve2",
      "unicode": "e65e",
      "unicode_decimal": 58974
    },
    {
      "icon_id": "13345869",
      "name": "twoway-arrow",
      "font_class": "twoway-arrow",
      "unicode": "e618",
      "unicode_decimal": 58904
    }
  ]
}
