{
  "id": "2395018",
  "name": "国家电网图元规范",
  "font_family": "sgcc",
  "css_prefix_text": "sgcc-",
  "description": "",
  "glyphs": [
    {
      "icon_id": "28298013",
      "name": "未标题-1",
      "font_class": "weibiaoti-1",
      "unicode": "e9ee",
      "unicode_decimal": 59886
    },
    {
      "icon_id": "28276112",
      "name": "开11",
      "font_class": "kai11",
      "unicode": "e9ec",
      "unicode_decimal": 59884
    },
    {
      "icon_id": "28276113",
      "name": "关11",
      "font_class": "guan11",
      "unicode": "e9ed",
      "unicode_decimal": 59885
    },
    {
      "icon_id": "24384959",
      "name": "熔断式隔离开关（合）高亮",
      "font_class": "a-rongduanshigelikaiguanhegaoliang",
      "unicode": "e9a4",
      "unicode_decimal": 59812
    },
    {
      "icon_id": "24384856",
      "name": "配电站（室）高亮",
      "font_class": "a-peidianzhanshigaoliang",
      "unicode": "e9a1",
      "unicode_decimal": 59809
    },
    {
      "icon_id": "24384857",
      "name": "线上变压器高亮",
      "font_class": "xianshangbianyaqigaoliang",
      "unicode": "e9a2",
      "unicode_decimal": 59810
    },
    {
      "icon_id": "24384858",
      "name": "断路器（分）高亮",
      "font_class": "a-duanluqifengaoliang",
      "unicode": "e9a3",
      "unicode_decimal": 59811
    },
    {
      "icon_id": "21279569",
      "name": "太阳能",
      "font_class": "taiyangneng",
      "unicode": "e9a0",
      "unicode_decimal": 59808
    },
    {
      "icon_id": "20209971",
      "name": "发电机",
      "font_class": "fadianji",
      "unicode": "e7b9",
      "unicode_decimal": 59321
    },
    {
      "icon_id": "21086660",
      "name": "馈线",
      "font_class": "kuixian",
      "unicode": "e99f",
      "unicode_decimal": 59807
    },
    {
      "icon_id": "20639453",
      "name": "下字型排列cab右",
      "font_class": "xiazixingpailiecabyou1",
      "unicode": "e99e",
      "unicode_decimal": 59806
    },
    {
      "icon_id": "20638238",
      "name": "三相三个次级绕组电流互感器",
      "font_class": "sanxiangsangecijiraozudianliuhuganqi",
      "unicode": "e99d",
      "unicode_decimal": 59805
    },
    {
      "icon_id": "20638236",
      "name": "两相三个次级绕组电流互感器",
      "font_class": "liangxiangsangecijiraozudianliuhuganqi",
      "unicode": "e99c",
      "unicode_decimal": 59804
    },
    {
      "icon_id": "20638225",
      "name": "单相三个次级绕组电流互感器",
      "font_class": "danxiangsangecijiraozudianliuhuganqi",
      "unicode": "e8e8",
      "unicode_decimal": 59624
    },
    {
      "icon_id": "20637730",
      "name": "三相六个次级绕组电流互感器",
      "font_class": "sanxiangliugecijiraozudianliuhuganqi",
      "unicode": "e8dd",
      "unicode_decimal": 59613
    },
    {
      "icon_id": "20637723",
      "name": "两相五个次级绕组电流互感器",
      "font_class": "liangxiangwugecijiraozudianliuhuganqi",
      "unicode": "e99b",
      "unicode_decimal": 59803
    },
    {
      "icon_id": "20637712",
      "name": "三相五个次级绕组电流互感器",
      "font_class": "sanxiangwugecijiraozudianliuhuganqi",
      "unicode": "e8f0",
      "unicode_decimal": 59632
    },
    {
      "icon_id": "20637668",
      "name": "检修符",
      "font_class": "jianxiufu1",
      "unicode": "e99a",
      "unicode_decimal": 59802
    },
    {
      "icon_id": "20637632",
      "name": "交叉跨越",
      "font_class": "jiaochakuayue1",
      "unicode": "e999",
      "unicode_decimal": 59801
    },
    {
      "icon_id": "20637608",
      "name": "建议孔位",
      "font_class": "jianyikongwei1",
      "unicode": "e998",
      "unicode_decimal": 59800
    },
    {
      "icon_id": "20637584",
      "name": "禁止遥控",
      "font_class": "jinzhiyaokong1",
      "unicode": "e997",
      "unicode_decimal": 59799
    },
    {
      "icon_id": "20637572",
      "name": "接地符",
      "font_class": "jiedifu1",
      "unicode": "e8bb",
      "unicode_decimal": 59579
    },
    {
      "icon_id": "20637549",
      "name": "缺陷符",
      "font_class": "quexianfu1",
      "unicode": "e996",
      "unicode_decimal": 59798
    },
    {
      "icon_id": "20636493",
      "name": "双绕组有载可调变压器Dyn（中性点引出三角形-星形连接）",
      "font_class": "shuangraozuyouzaiketiaobianyaqiDynzhongxingdianyinchusanjiaoxing-xingxinglianjie",
      "unicode": "e907",
      "unicode_decimal": 59655
    },
    {
      "icon_id": "20636064",
      "name": "两相六个次级绕组电流互感器",
      "font_class": "liangxiangliugecijiraozudianliuhuganqi1",
      "unicode": "e995",
      "unicode_decimal": 59797
    },
    {
      "icon_id": "20635881",
      "name": "临时符",
      "font_class": "linshifu1",
      "unicode": "e994",
      "unicode_decimal": 59796
    },
    {
      "icon_id": "20635813",
      "name": "临时保电符",
      "font_class": "linshibaodianfu1",
      "unicode": "e993",
      "unicode_decimal": 59795
    },
    {
      "icon_id": "20635674",
      "name": "空余孔位",
      "font_class": "kongyukongwei",
      "unicode": "e992",
      "unicode_decimal": 59794
    },
    {
      "icon_id": "20635442",
      "name": "管道",
      "font_class": "guandao1",
      "unicode": "e991",
      "unicode_decimal": 59793
    },
    {
      "icon_id": "20635344",
      "name": "跌落式熔断器（分）",
      "font_class": "dielashirongduanqifen2",
      "unicode": "e990",
      "unicode_decimal": 59792
    },
    {
      "icon_id": "20635321",
      "name": "工作许可",
      "font_class": "gongzuoxuke1",
      "unicode": "e98f",
      "unicode_decimal": 59791
    },
    {
      "icon_id": "20635299",
      "name": "复合孔位",
      "font_class": "fuhekongwei1",
      "unicode": "e98e",
      "unicode_decimal": 59790
    },
    {
      "icon_id": "20635272",
      "name": "电缆终端站",
      "font_class": "dianlanzhongduanzhan1",
      "unicode": "e98d",
      "unicode_decimal": 59789
    },
    {
      "icon_id": "20635259",
      "name": "电缆排管",
      "font_class": "dianlanpaiguan1",
      "unicode": "e98c",
      "unicode_decimal": 59788
    },
    {
      "icon_id": "20635252",
      "name": "电缆桥",
      "font_class": "dianlanqiao1",
      "unicode": "e951",
      "unicode_decimal": 59729
    },
    {
      "icon_id": "20635201",
      "name": "重要用户符",
      "font_class": "zhongyaoyonghufu1",
      "unicode": "e98b",
      "unicode_decimal": 59787
    },
    {
      "icon_id": "20635176",
      "name": "电抗器",
      "font_class": "diankangqi1",
      "unicode": "e93a",
      "unicode_decimal": 59706
    },
    {
      "icon_id": "20635159",
      "name": "有载可调压自耦变压器",
      "font_class": "youzaiketiaoyazioubianyaqi2",
      "unicode": "e98a",
      "unicode_decimal": 59786
    },
    {
      "icon_id": "20635136",
      "name": "用户供电点",
      "font_class": "yonghugongdiandian",
      "unicode": "e937",
      "unicode_decimal": 59703
    },
    {
      "icon_id": "20635129",
      "name": "保护接地",
      "font_class": "baohujiedi",
      "unicode": "e989",
      "unicode_decimal": 59785
    },
    {
      "icon_id": "20635124",
      "name": "已批复未实施孔位",
      "font_class": "yipifuweishishikongwei",
      "unicode": "e936",
      "unicode_decimal": 59702
    },
    {
      "icon_id": "20635116",
      "name": "已申请未批复孔位",
      "font_class": "yishenqingweipifukongwei",
      "unicode": "e934",
      "unicode_decimal": 59700
    },
    {
      "icon_id": "20635099",
      "name": "不可并符",
      "font_class": "bukebingfu",
      "unicode": "e988",
      "unicode_decimal": 59784
    },
    {
      "icon_id": "20635095",
      "name": "保留孔位",
      "font_class": "baoliukongwei",
      "unicode": "e933",
      "unicode_decimal": 59699
    },
    {
      "icon_id": "20635076",
      "name": "已实施孔位",
      "font_class": "yishishikongwei",
      "unicode": "e931",
      "unicode_decimal": 59697
    },
    {
      "icon_id": "20635037",
      "name": "一个绕组上有中间抽头的变压器",
      "font_class": "yigeraozushangyouzhongjianchoutoudebianyaqi1",
      "unicode": "e987",
      "unicode_decimal": 59783
    },
    {
      "icon_id": "20635026",
      "name": "保安锁符",
      "font_class": "baoansuofu",
      "unicode": "e986",
      "unicode_decimal": 59782
    },
    {
      "icon_id": "20635001",
      "name": "无功补偿器",
      "font_class": "wugongbuchangqi",
      "unicode": "e91e",
      "unicode_decimal": 59678
    },
    {
      "icon_id": "20634982",
      "name": "五绕组电压互感器",
      "font_class": "wuraozudianyahuganqi",
      "unicode": "e91f",
      "unicode_decimal": 59679
    },
    {
      "icon_id": "20634959",
      "name": "尾线符",
      "font_class": "weixianfu",
      "unicode": "e91d",
      "unicode_decimal": 59677
    },
    {
      "icon_id": "20634955",
      "name": "未知孔位",
      "font_class": "weizhikongwei",
      "unicode": "e919",
      "unicode_decimal": 59673
    },
    {
      "icon_id": "20634944",
      "name": "损坏孔位",
      "font_class": "sunhuaikongwei",
      "unicode": "e918",
      "unicode_decimal": 59672
    },
    {
      "icon_id": "20634911",
      "name": "四绕组电压互感器",
      "font_class": "siraozudianyahuganqi",
      "unicode": "e912",
      "unicode_decimal": 59666
    },
    {
      "icon_id": "20634854",
      "name": "电容式电压互感器",
      "font_class": "dianrongshidianyahuganqi",
      "unicode": "e985",
      "unicode_decimal": 59781
    },
    {
      "icon_id": "20633330",
      "name": "三绕组有载可调变压器1（星形-三星形-星形连接）",
      "font_class": "sanraozuyouzaiketiaobianyaqi1xingxing-sanxingxing-xingxinglianjie",
      "unicode": "e984",
      "unicode_decimal": 59780
    },
    {
      "icon_id": "20632955",
      "name": "三绕组变压器1（星形-三星形-星形连接）",
      "font_class": "sanraozubianyaqi1xingxing-sanxingxing-xingxinglianjie",
      "unicode": "e8df",
      "unicode_decimal": 59615
    },
    {
      "icon_id": "20632896",
      "name": "三绕组有载可调变压器（星形-三星形-星形连接）",
      "font_class": "sanraozuyouzaiketiaobianyaqixingxing-sanxingxing-xingxinglianjie",
      "unicode": "e8d7",
      "unicode_decimal": 59607
    },
    {
      "icon_id": "20626957",
      "name": "双绕组有载可调变压器YNd（中性点引出星形-三角形连接）",
      "font_class": "shuangraozuyouzaiketiaobianyaqiYNdzhongxingdianyinchuxingxing-sanjiaoxinglianjie",
      "unicode": "e92f",
      "unicode_decimal": 59695
    },
    {
      "icon_id": "20622859",
      "name": "双绕组变压器Yyn（中性点引出星形-星形连接）",
      "font_class": "shuangraozubianyaqiYynzhongxingdianyinchuxingxing-xingxinglianjie",
      "unicode": "e983",
      "unicode_decimal": 59779
    },
    {
      "icon_id": "20614993",
      "name": "分裂电抗器",
      "font_class": "fenliediankangqi",
      "unicode": "e982",
      "unicode_decimal": 59778
    },
    {
      "icon_id": "20614874",
      "name": "钢管塔（直线型）",
      "font_class": "gangguantazhixianxing",
      "unicode": "e981",
      "unicode_decimal": 59777
    },
    {
      "icon_id": "20614795",
      "name": "开闭器",
      "font_class": "kaibiqi",
      "unicode": "e89f",
      "unicode_decimal": 59551
    },
    {
      "icon_id": "20603440",
      "name": "配变监测仪",
      "font_class": "peibianjianceyi",
      "unicode": "e8b7",
      "unicode_decimal": 59575
    },
    {
      "icon_id": "20603128",
      "name": "三角形排列cab",
      "font_class": "sanjiaoxingpailiecab",
      "unicode": "e980",
      "unicode_decimal": 59776
    },
    {
      "icon_id": "20600646",
      "name": "下字型排列abc右",
      "font_class": "xiazixingpailieabcyou",
      "unicode": "e91c",
      "unicode_decimal": 59676
    },
    {
      "icon_id": "20600592",
      "name": "下字型排列cba左",
      "font_class": "xiazixingpailiecbazuo",
      "unicode": "e97f",
      "unicode_decimal": 59775
    },
    {
      "icon_id": "20600222",
      "name": "下字型排列bac",
      "font_class": "xiazixingpailiebac",
      "unicode": "e922",
      "unicode_decimal": 59682
    },
    {
      "icon_id": "20599929",
      "name": "水平排列abc",
      "font_class": "shuipingpailieabc",
      "unicode": "e8f5",
      "unicode_decimal": 59637
    },
    {
      "icon_id": "20597372",
      "name": "可遥控符",
      "font_class": "keyaokongfu",
      "unicode": "e8a0",
      "unicode_decimal": 59552
    },
    {
      "icon_id": "20597204",
      "name": "保电符",
      "font_class": "baodianfu",
      "unicode": "e97e",
      "unicode_decimal": 59774
    },
    {
      "icon_id": "20596888",
      "name": "信号符",
      "font_class": "xinhaofu",
      "unicode": "e928",
      "unicode_decimal": 59688
    },
    {
      "icon_id": "20596676",
      "name": "停用符",
      "font_class": "tingyongfu",
      "unicode": "e914",
      "unicode_decimal": 59668
    },
    {
      "icon_id": "20596622",
      "name": "手动符",
      "font_class": "shoudongfu",
      "unicode": "e8fc",
      "unicode_decimal": 59644
    },
    {
      "icon_id": "20596343",
      "name": "自切符",
      "font_class": "ziqiefu",
      "unicode": "e97d",
      "unicode_decimal": 59773
    },
    {
      "icon_id": "20596257",
      "name": "单切",
      "font_class": "danqie",
      "unicode": "e965",
      "unicode_decimal": 59749
    },
    {
      "icon_id": "20591050",
      "name": "洪水冲刷区",
      "font_class": "hongshuichongshuaqu",
      "unicode": "e97c",
      "unicode_decimal": 59772
    },
    {
      "icon_id": "20589892",
      "name": "强腐蚀区",
      "font_class": "qiangfushiqu",
      "unicode": "e97b",
      "unicode_decimal": 59771
    },
    {
      "icon_id": "20574310",
      "name": "开口三角形连接的三相绕组",
      "font_class": "kaikousanjiaoxinglianjiedesanxiangraozu",
      "unicode": "e97a",
      "unicode_decimal": 59770
    },
    {
      "icon_id": "20574167",
      "name": "三角形接的三相绕组",
      "font_class": "sanjiaoxingjiedesanxiangraozu",
      "unicode": "e979",
      "unicode_decimal": 59769
    },
    {
      "icon_id": "20573232",
      "name": "T形连接的三相绕组",
      "font_class": "Txinglianjiedesanxiangraozu",
      "unicode": "e978",
      "unicode_decimal": 59768
    },
    {
      "icon_id": "20573165",
      "name": "v行连接的三相绕组",
      "font_class": "vhanglianjiedesanxiangraozu",
      "unicode": "e977",
      "unicode_decimal": 59767
    },
    {
      "icon_id": "20572704",
      "name": "中性点引出的四相绕组",
      "font_class": "zhongxingdianyinchudesixiangraozu",
      "unicode": "e976",
      "unicode_decimal": 59766
    },
    {
      "icon_id": "20572327",
      "name": "互不连接的m相绕组",
      "font_class": "hubulianjiedemxiangraozu",
      "unicode": "e975",
      "unicode_decimal": 59765
    },
    {
      "icon_id": "20561267",
      "name": "两相四个次级绕组电流互感器",
      "font_class": "liangxiangsigecijiraozudianliuhuganqi",
      "unicode": "e8b3",
      "unicode_decimal": 59571
    },
    {
      "icon_id": "20561254",
      "name": "三相四个次级绕组电流互感器",
      "font_class": "sanxiangsigecijiraozudianliuhuganqi",
      "unicode": "e90b",
      "unicode_decimal": 59659
    },
    {
      "icon_id": "20559824",
      "name": "手车刀闸（试验）",
      "font_class": "shouchedaozhashiyan",
      "unicode": "e974",
      "unicode_decimal": 59764
    },
    {
      "icon_id": "20559138",
      "name": "检修）",
      "font_class": "jianxiu1",
      "unicode": "e973",
      "unicode_decimal": 59763
    },
    {
      "icon_id": "20556899",
      "name": "T型开关AB-C",
      "font_class": "TxingkaiguanAB-C",
      "unicode": "e96e",
      "unicode_decimal": 59758
    },
    {
      "icon_id": "20553353",
      "name": "跌落式熔断器（分）",
      "font_class": "dielashirongduanqifen1",
      "unicode": "e972",
      "unicode_decimal": 59762
    },
    {
      "icon_id": "20549697",
      "name": "运行光能发电站",
      "font_class": "yunhangguangnengfadianzhan",
      "unicode": "e971",
      "unicode_decimal": 59761
    },
    {
      "icon_id": "20549414",
      "name": "规划光能发电站",
      "font_class": "guihuaguangnengfadianzhan",
      "unicode": "e970",
      "unicode_decimal": 59760
    },
    {
      "icon_id": "20539794",
      "name": "双向隔离开关（分）",
      "font_class": "shuangxianggelikaiguanfen",
      "unicode": "e908",
      "unicode_decimal": 59656
    },
    {
      "icon_id": "20539795",
      "name": "双三角形连接的六相绕组",
      "font_class": "shuangsanjiaoxinglianjiedeliuxiangraozu",
      "unicode": "e909",
      "unicode_decimal": 59657
    },
    {
      "icon_id": "20539796",
      "name": "双绕组有载可调变压器YNd（中性点引出星形-三角形连接）2",
      "font_class": "shuangraozuyouzaiketiaobianyaqiYNdzhongxingdianyinchuxingxing-sanjiaoxinglianjie2",
      "unicode": "e90a",
      "unicode_decimal": 59658
    },
    {
      "icon_id": "20539798",
      "name": "双绕组有载可调变压器Yyn（中性点引出星形-星形连接）",
      "font_class": "shuangraozuyouzaiketiaobianyaqiYynzhongxingdianyinchuxingxing-xingxinglianjie",
      "unicode": "e90c",
      "unicode_decimal": 59660
    },
    {
      "icon_id": "20539799",
      "name": "三相一个次级绕组电流互感器",
      "font_class": "sanxiangyigecijiraozudianliuhuganqi",
      "unicode": "e90d",
      "unicode_decimal": 59661
    },
    {
      "icon_id": "20539800",
      "name": "水泥杆",
      "font_class": "shuinigan",
      "unicode": "e90e",
      "unicode_decimal": 59662
    },
    {
      "icon_id": "20539801",
      "name": "双向隔离开关（左）",
      "font_class": "shuangxianggelikaiguanzuo",
      "unicode": "e90f",
      "unicode_decimal": 59663
    },
    {
      "icon_id": "20539802",
      "name": "上字型排列右bca",
      "font_class": "shangzixingpailieyoubca",
      "unicode": "e910",
      "unicode_decimal": 59664
    },
    {
      "icon_id": "20539803",
      "name": "水平排列cba",
      "font_class": "shuipingpailiecba",
      "unicode": "e911",
      "unicode_decimal": 59665
    },
    {
      "icon_id": "20539805",
      "name": "铁塔（直线型）",
      "font_class": "tietazhixianxing",
      "unicode": "e913",
      "unicode_decimal": 59667
    },
    {
      "icon_id": "20539807",
      "name": "铁塔（耐张型）",
      "font_class": "tietanaizhangxing",
      "unicode": "e915",
      "unicode_decimal": 59669
    },
    {
      "icon_id": "20539808",
      "name": "自调谐消弧线圈",
      "font_class": "zitiaoxiexiaohuxianquan",
      "unicode": "e916",
      "unicode_decimal": 59670
    },
    {
      "icon_id": "20539809",
      "name": "通信电缆段",
      "font_class": "tongxindianlanduan",
      "unicode": "e917",
      "unicode_decimal": 59671
    },
    {
      "icon_id": "20539812",
      "name": "无功补偿箱",
      "font_class": "wugongbuchangxiang",
      "unicode": "e91a",
      "unicode_decimal": 59674
    },
    {
      "icon_id": "20539813",
      "name": "微气候、微地形区",
      "font_class": "weiqihouweidixingqu",
      "unicode": "e91b",
      "unicode_decimal": 59675
    },
    {
      "icon_id": "20539818",
      "name": "下字型排列acb左",
      "font_class": "xiazixingpailieacbzuo",
      "unicode": "e920",
      "unicode_decimal": 59680
    },
    {
      "icon_id": "20539819",
      "name": "下字型排列acb右",
      "font_class": "xiazixingpailieacbyou",
      "unicode": "e921",
      "unicode_decimal": 59681
    },
    {
      "icon_id": "20539821",
      "name": "下字型排列bca右",
      "font_class": "xiazixingpailiebcayou",
      "unicode": "e923",
      "unicode_decimal": 59683
    },
    {
      "icon_id": "20539822",
      "name": "下字型排列bca左",
      "font_class": "xiazixingpailiebcazuo",
      "unicode": "e924",
      "unicode_decimal": 59684
    },
    {
      "icon_id": "20539824",
      "name": "下字型排列cab左",
      "font_class": "xiazixingpailiecabzuo",
      "unicode": "e926",
      "unicode_decimal": 59686
    },
    {
      "icon_id": "20539825",
      "name": "双绕组变压器Yzn（中性点引出三角形-曲形连接）",
      "font_class": "shuangraozubianyaqiYznzhongxingdianyinchusanjiaoxing-quxinglianjie",
      "unicode": "e927",
      "unicode_decimal": 59687
    },
    {
      "icon_id": "20539827",
      "name": "双绕组变压器Yd（中性点引出星形-三角形连接）",
      "font_class": "shuangraozubianyaqiYdzhongxingdianyinchuxingxing-sanjiaoxinglianjie",
      "unicode": "e929",
      "unicode_decimal": 59689
    },
    {
      "icon_id": "20539828",
      "name": "消弧线圈",
      "font_class": "xiaohuxianquan",
      "unicode": "e92a",
      "unicode_decimal": 59690
    },
    {
      "icon_id": "20539829",
      "name": "箱式变",
      "font_class": "xiangshibian",
      "unicode": "e92b",
      "unicode_decimal": 59691
    },
    {
      "icon_id": "20539830",
      "name": "下字型排列cba右",
      "font_class": "xiazixingpailiecbayou",
      "unicode": "e92c",
      "unicode_decimal": 59692
    },
    {
      "icon_id": "20539575",
      "name": "壁龛交接箱",
      "font_class": "bikanjiaojiexiang",
      "unicode": "e82d",
      "unicode_decimal": 59437
    },
    {
      "icon_id": "20539831",
      "name": "一个绕组",
      "font_class": "yigeraozu",
      "unicode": "e92d",
      "unicode_decimal": 59693
    },
    {
      "icon_id": "20539576",
      "name": "避雷器",
      "font_class": "bileiqi",
      "unicode": "e82e",
      "unicode_decimal": 59438
    },
    {
      "icon_id": "20539832",
      "name": "星形连接的六相绕组",
      "font_class": "xingxinglianjiedeliuxiangraozu",
      "unicode": "e92e",
      "unicode_decimal": 59694
    },
    {
      "icon_id": "20539834",
      "name": "星形连接的三相绕组",
      "font_class": "xingxinglianjiedesanxiangraozu",
      "unicode": "e930",
      "unicode_decimal": 59696
    },
    {
      "icon_id": "20539579",
      "name": "变电站",
      "font_class": "biandianzhan",
      "unicode": "e831",
      "unicode_decimal": 59441
    },
    {
      "icon_id": "20539580",
      "name": "垂直排列acb",
      "font_class": "chuizhipailieacb",
      "unicode": "e832",
      "unicode_decimal": 59442
    },
    {
      "icon_id": "20539836",
      "name": "移相变压器",
      "font_class": "yixiangbianyaqi",
      "unicode": "e932",
      "unicode_decimal": 59698
    },
    {
      "icon_id": "20539581",
      "name": "采集终端",
      "font_class": "caijizhongduan",
      "unicode": "e833",
      "unicode_decimal": 59443
    },
    {
      "icon_id": "20539582",
      "name": "大跨越区",
      "font_class": "dakuayuequ",
      "unicode": "e834",
      "unicode_decimal": 59444
    },
    {
      "icon_id": "20539583",
      "name": "垂直排列abc",
      "font_class": "chuizhipailieabc",
      "unicode": "e835",
      "unicode_decimal": 59445
    },
    {
      "icon_id": "20539839",
      "name": "永久接头",
      "font_class": "yongjiujietou",
      "unicode": "e935",
      "unicode_decimal": 59701
    },
    {
      "icon_id": "20539584",
      "name": "垂直排列bac",
      "font_class": "chuizhipailiebac",
      "unicode": "e836",
      "unicode_decimal": 59446
    },
    {
      "icon_id": "20539586",
      "name": "垂直排列bca",
      "font_class": "chuizhipailiebca",
      "unicode": "e838",
      "unicode_decimal": 59448
    },
    {
      "icon_id": "20539842",
      "name": "易受外力破坏区",
      "font_class": "yishouwailipohuaiqu",
      "unicode": "e938",
      "unicode_decimal": 59704
    },
    {
      "icon_id": "20539843",
      "name": "易受风害区",
      "font_class": "yishoufenghaiqu",
      "unicode": "e939",
      "unicode_decimal": 59705
    },
    {
      "icon_id": "20539589",
      "name": "导线段",
      "font_class": "daoxianduan",
      "unicode": "e83b",
      "unicode_decimal": 59451
    },
    {
      "icon_id": "20539845",
      "name": "运行等离子体电厂",
      "font_class": "yunhangdenglizitidianchang",
      "unicode": "e93b",
      "unicode_decimal": 59707
    },
    {
      "icon_id": "20539590",
      "name": "单相两个次级绕组电流互感器",
      "font_class": "danxianglianggecijiraozudianliuhuganqi",
      "unicode": "e83c",
      "unicode_decimal": 59452
    },
    {
      "icon_id": "20539846",
      "name": "运行抽水蓄能电厂",
      "font_class": "yunhangchoushuixunengdianchang",
      "unicode": "e93c",
      "unicode_decimal": 59708
    },
    {
      "icon_id": "20539591",
      "name": "单相六个次级绕组电流互感器",
      "font_class": "danxiangliugecijiraozudianliuhuganqi",
      "unicode": "e83d",
      "unicode_decimal": 59453
    },
    {
      "icon_id": "20539847",
      "name": "有载可调压自耦变压器",
      "font_class": "youzaiketiaoyazioubianyaqi1",
      "unicode": "e93d",
      "unicode_decimal": 59709
    },
    {
      "icon_id": "20539592",
      "name": "单相一个次级绕组电流互感器",
      "font_class": "danxiangyigecijiraozudianliuhuganqi",
      "unicode": "e83e",
      "unicode_decimal": 59454
    },
    {
      "icon_id": "20539848",
      "name": "运行杆塔",
      "font_class": "yunhangganta",
      "unicode": "e93e",
      "unicode_decimal": 59710
    },
    {
      "icon_id": "20539593",
      "name": "带电显示器",
      "font_class": "daidianxianshiqi",
      "unicode": "e83f",
      "unicode_decimal": 59455
    },
    {
      "icon_id": "20539849",
      "name": "运行换流站",
      "font_class": "yunhanghuanliuzhan",
      "unicode": "e93f",
      "unicode_decimal": 59711
    },
    {
      "icon_id": "20539594",
      "name": "单相五个次级绕组电流互感器",
      "font_class": "danxiangwugecijiraozudianliuhuganqi",
      "unicode": "e840",
      "unicode_decimal": 59456
    },
    {
      "icon_id": "20539850",
      "name": "运行潮汐电厂",
      "font_class": "yunhangchaoxidianchang",
      "unicode": "e940",
      "unicode_decimal": 59712
    },
    {
      "icon_id": "20539595",
      "name": "低压熔丝箱（合）",
      "font_class": "diyarongsixianghe",
      "unicode": "e841",
      "unicode_decimal": 59457
    },
    {
      "icon_id": "20539851",
      "name": "运行风力发电站",
      "font_class": "yunhangfenglifadianzhan",
      "unicode": "e941",
      "unicode_decimal": 59713
    },
    {
      "icon_id": "20539596",
      "name": "低压熔丝箱（分）",
      "font_class": "diyarongsixiangfen",
      "unicode": "e842",
      "unicode_decimal": 59458
    },
    {
      "icon_id": "20539852",
      "name": "运行水电厂",
      "font_class": "yunhangshuidianchang",
      "unicode": "e942",
      "unicode_decimal": 59714
    },
    {
      "icon_id": "20539597",
      "name": "垂直排列cab",
      "font_class": "chuizhipailiecab",
      "unicode": "e843",
      "unicode_decimal": 59459
    },
    {
      "icon_id": "20539853",
      "name": "运行串补站",
      "font_class": "yunhangchuanbuzhan",
      "unicode": "e943",
      "unicode_decimal": 59715
    },
    {
      "icon_id": "20539598",
      "name": "单相四个次级绕组电流互感器",
      "font_class": "danxiangsigecijiraozudianliuhuganqi",
      "unicode": "e844",
      "unicode_decimal": 59460
    },
    {
      "icon_id": "20539854",
      "name": "运行变电站",
      "font_class": "yunhangbiandianzhan",
      "unicode": "e944",
      "unicode_decimal": 59716
    },
    {
      "icon_id": "20539599",
      "name": "电缆段",
      "font_class": "dianlanduan",
      "unicode": "e845",
      "unicode_decimal": 59461
    },
    {
      "icon_id": "20539855",
      "name": "运行核电站",
      "font_class": "yunhanghedianzhan",
      "unicode": "e945",
      "unicode_decimal": 59717
    },
    {
      "icon_id": "20539856",
      "name": "中继站",
      "font_class": "zhongjizhan",
      "unicode": "e946",
      "unicode_decimal": 59718
    },
    {
      "icon_id": "20539601",
      "name": "电缆分界箱",
      "font_class": "dianlanfenjiexiang",
      "unicode": "e847",
      "unicode_decimal": 59463
    },
    {
      "icon_id": "20539857",
      "name": "直流发电机",
      "font_class": "zhiliufadianji",
      "unicode": "e947",
      "unicode_decimal": 59719
    },
    {
      "icon_id": "20539602",
      "name": "导、地线覆冰区",
      "font_class": "daodixianfubingqu",
      "unicode": "e848",
      "unicode_decimal": 59464
    },
    {
      "icon_id": "20539858",
      "name": "运行秸秆电厂",
      "font_class": "yunhangjiegandianchang",
      "unicode": "e948",
      "unicode_decimal": 59720
    },
    {
      "icon_id": "20539603",
      "name": "电缆接地箱",
      "font_class": "dianlanjiedixiang",
      "unicode": "e849",
      "unicode_decimal": 59465
    },
    {
      "icon_id": "20539859",
      "name": "运行开关站",
      "font_class": "yunhangkaiguanzhan",
      "unicode": "e949",
      "unicode_decimal": 59721
    },
    {
      "icon_id": "20539604",
      "name": "电缆通风口",
      "font_class": "dianlantongfengkou",
      "unicode": "e84a",
      "unicode_decimal": 59466
    },
    {
      "icon_id": "20539860",
      "name": "运行垃圾电厂",
      "font_class": "yunhanglajidianchang",
      "unicode": "e94a",
      "unicode_decimal": 59722
    },
    {
      "icon_id": "20539605",
      "name": "电缆隧道",
      "font_class": "dianlansuidao",
      "unicode": "e84b",
      "unicode_decimal": 59467
    },
    {
      "icon_id": "20539861",
      "name": "终端室（站）",
      "font_class": "zhongduanshizhan",
      "unicode": "e94b",
      "unicode_decimal": 59723
    },
    {
      "icon_id": "20539606",
      "name": "电缆沟",
      "font_class": "dianlangou",
      "unicode": "e84c",
      "unicode_decimal": 59468
    },
    {
      "icon_id": "20539862",
      "name": "柱上变压器",
      "font_class": "zhushangbianyaqi",
      "unicode": "e94c",
      "unicode_decimal": 59724
    },
    {
      "icon_id": "20539607",
      "name": "低压配电箱",
      "font_class": "diyapeidianxiang",
      "unicode": "e84d",
      "unicode_decimal": 59469
    },
    {
      "icon_id": "20539863",
      "name": "中性点引出的曲形折或互联星形的三相绕组",
      "font_class": "zhongxingdianyinchudequxingzhehuohulianxingxingdesanxiangraozu",
      "unicode": "e94d",
      "unicode_decimal": 59725
    },
    {
      "icon_id": "20539608",
      "name": "电力电感器",
      "font_class": "dianlidianganqi",
      "unicode": "e84e",
      "unicode_decimal": 59470
    },
    {
      "icon_id": "20539864",
      "name": "柱上变压器（公用变）",
      "font_class": "zhushangbianyaqigongyongbian",
      "unicode": "e94e",
      "unicode_decimal": 59726
    },
    {
      "icon_id": "20539609",
      "name": "盗窃多发区",
      "font_class": "daoqieduofaqu",
      "unicode": "e84f",
      "unicode_decimal": 59471
    },
    {
      "icon_id": "20539865",
      "name": "中性点引出星形连接的三相绕组",
      "font_class": "zhongxingdianyinchuxingxinglianjiedesanxiangraozu",
      "unicode": "e94f",
      "unicode_decimal": 59727
    },
    {
      "icon_id": "20539610",
      "name": "电缆交叉互联箱",
      "font_class": "dianlanjiaochahulianxiang",
      "unicode": "e850",
      "unicode_decimal": 59472
    },
    {
      "icon_id": "20539866",
      "name": "中性点引出的叉形连接六相绕组",
      "font_class": "zhongxingdianyinchudechaxinglianjieliuxiangraozu",
      "unicode": "e950",
      "unicode_decimal": 59728
    },
    {
      "icon_id": "20539611",
      "name": "电缆中间接头",
      "font_class": "dianlanzhongjianjietou",
      "unicode": "e851",
      "unicode_decimal": 59473
    },
    {
      "icon_id": "20539868",
      "name": "a级污秽区",
      "font_class": "ajiwuhuiqu",
      "unicode": "e952",
      "unicode_decimal": 59730
    },
    {
      "icon_id": "20539613",
      "name": "断路器（合）",
      "font_class": "duanluqihe",
      "unicode": "e853",
      "unicode_decimal": 59475
    },
    {
      "icon_id": "20539869",
      "name": "柱上重合器（分）",
      "font_class": "zhushangzhongheqifen",
      "unicode": "e953",
      "unicode_decimal": 59731
    },
    {
      "icon_id": "20539870",
      "name": "柱上重合器（合）",
      "font_class": "zhushangzhongheqihe",
      "unicode": "e954",
      "unicode_decimal": 59732
    },
    {
      "icon_id": "20539615",
      "name": "电缆终端头",
      "font_class": "dianlanzhongduantou",
      "unicode": "e855",
      "unicode_decimal": 59477
    },
    {
      "icon_id": "20539871",
      "name": "运行火电厂",
      "font_class": "yunhanghuodianchang",
      "unicode": "e955",
      "unicode_decimal": 59733
    },
    {
      "icon_id": "20539616",
      "name": "跌落式熔断器（合）",
      "font_class": "dielashirongduanqihe",
      "unicode": "e856",
      "unicode_decimal": 59478
    },
    {
      "icon_id": "20539872",
      "name": "自耦变压器（星形连接）",
      "font_class": "zioubianyaqixingxinglianjie",
      "unicode": "e956",
      "unicode_decimal": 59734
    },
    {
      "icon_id": "20539873",
      "name": "运行地热电厂",
      "font_class": "yunhangdiredianchang",
      "unicode": "e957",
      "unicode_decimal": 59735
    },
    {
      "icon_id": "20539874",
      "name": "通信终端箱",
      "font_class": "tongxinzhongduanxiang",
      "unicode": "e958",
      "unicode_decimal": 59736
    },
    {
      "icon_id": "20539619",
      "name": "电力电容器",
      "font_class": "dianlidianrongqi",
      "unicode": "e859",
      "unicode_decimal": 59481
    },
    {
      "icon_id": "20539875",
      "name": "柱上断路器（分）",
      "font_class": "zhushangduanluqifen",
      "unicode": "e959",
      "unicode_decimal": 59737
    },
    {
      "icon_id": "20539620",
      "name": "电力电阻器",
      "font_class": "dianlidianzuqi",
      "unicode": "e85a",
      "unicode_decimal": 59482
    },
    {
      "icon_id": "20539876",
      "name": "柱上隔离开关（合）",
      "font_class": "zhushanggelikaiguanhe",
      "unicode": "e95a",
      "unicode_decimal": 59738
    },
    {
      "icon_id": "20539621",
      "name": "分段器",
      "font_class": "fenduanqi",
      "unicode": "e85b",
      "unicode_decimal": 59483
    },
    {
      "icon_id": "20539877",
      "name": "柱上断路器（合）",
      "font_class": "zhushangduanluqihe",
      "unicode": "e95b",
      "unicode_decimal": 59739
    },
    {
      "icon_id": "20539622",
      "name": "负荷开关（合）",
      "font_class": "fuhekaiguanhe",
      "unicode": "e85c",
      "unicode_decimal": 59484
    },
    {
      "icon_id": "20539878",
      "name": "柱上负荷开关（合）",
      "font_class": "zhushangfuhekaiguanhe",
      "unicode": "e95c",
      "unicode_decimal": 59740
    },
    {
      "icon_id": "20539623",
      "name": "电流方向",
      "font_class": "dianliufangxiang",
      "unicode": "e85d",
      "unicode_decimal": 59485
    },
    {
      "icon_id": "20539879",
      "name": "柱上隔离开关（分）",
      "font_class": "zhushanggelikaiguanfen",
      "unicode": "e95d",
      "unicode_decimal": 59741
    },
    {
      "icon_id": "20539624",
      "name": "防雷符",
      "font_class": "fangleifu",
      "unicode": "e85e",
      "unicode_decimal": 59486
    },
    {
      "icon_id": "20539880",
      "name": "柱上电容器",
      "font_class": "zhushangdianrongqi",
      "unicode": "e95e",
      "unicode_decimal": 59742
    },
    {
      "icon_id": "20539625",
      "name": "方向标志",
      "font_class": "fangxiangbiaozhi",
      "unicode": "e85f",
      "unicode_decimal": 59487
    },
    {
      "icon_id": "20539881",
      "name": "柱上负荷开关（分）",
      "font_class": "zhushangfuhekaiguanfen",
      "unicode": "e95f",
      "unicode_decimal": 59743
    },
    {
      "icon_id": "20539626",
      "name": "高压用户",
      "font_class": "gaoyayonghu",
      "unicode": "e860",
      "unicode_decimal": 59488
    },
    {
      "icon_id": "20539882",
      "name": "V型开关B-C",
      "font_class": "VxingkaiguanB-C",
      "unicode": "e960",
      "unicode_decimal": 59744
    },
    {
      "icon_id": "20539883",
      "name": "自耦变压器",
      "font_class": "zioubianyaqi",
      "unicode": "e961",
      "unicode_decimal": 59745
    },
    {
      "icon_id": "20539628",
      "name": "钢管杆",
      "font_class": "gangguangan",
      "unicode": "e862",
      "unicode_decimal": 59490
    },
    {
      "icon_id": "20539884",
      "name": "V型开关OPEN",
      "font_class": "VxingkaiguanOPEN",
      "unicode": "e962",
      "unicode_decimal": 59746
    },
    {
      "icon_id": "20539885",
      "name": "通信电缆接头",
      "font_class": "tongxindianlanjietou",
      "unicode": "e963",
      "unicode_decimal": 59747
    },
    {
      "icon_id": "20539630",
      "name": "钢管塔（耐张型）",
      "font_class": "gangguantanaizhangxing",
      "unicode": "e864",
      "unicode_decimal": 59492
    },
    {
      "icon_id": "20539886",
      "name": "e级污秽区",
      "font_class": "ejiwuhuiqu",
      "unicode": "e964",
      "unicode_decimal": 59748
    },
    {
      "icon_id": "20539888",
      "name": "c级污秽区",
      "font_class": "cjiwuhuiqu",
      "unicode": "e966",
      "unicode_decimal": 59750
    },
    {
      "icon_id": "20539633",
      "name": "放电线圈",
      "font_class": "fangdianxianquan",
      "unicode": "e867",
      "unicode_decimal": 59495
    },
    {
      "icon_id": "20539889",
      "name": "b级污秽区",
      "font_class": "bjiwuhuiqu",
      "unicode": "e967",
      "unicode_decimal": 59751
    },
    {
      "icon_id": "20539634",
      "name": "规划变电站",
      "font_class": "guihuabiandianzhan",
      "unicode": "e868",
      "unicode_decimal": 59496
    },
    {
      "icon_id": "20539890",
      "name": "d级污秽区",
      "font_class": "djiwuhuiqu",
      "unicode": "e968",
      "unicode_decimal": 59752
    },
    {
      "icon_id": "20539635",
      "name": "隔离开关（分）",
      "font_class": "gelikaiguanfen",
      "unicode": "e869",
      "unicode_decimal": 59497
    },
    {
      "icon_id": "20539891",
      "name": "阻波器",
      "font_class": "zuboqi",
      "unicode": "e969",
      "unicode_decimal": 59753
    },
    {
      "icon_id": "20539636",
      "name": "多雷区",
      "font_class": "duoleiqu",
      "unicode": "e86a",
      "unicode_decimal": 59498
    },
    {
      "icon_id": "20539892",
      "name": "V型开关A-C",
      "font_class": "VxingkaiguanA-C",
      "unicode": "e96a",
      "unicode_decimal": 59754
    },
    {
      "icon_id": "20539893",
      "name": "T型开关A-C",
      "font_class": "TxingkaiguanA-C",
      "unicode": "e96b",
      "unicode_decimal": 59755
    },
    {
      "icon_id": "20539638",
      "name": "规划地热电厂",
      "font_class": "guihuadiredianchang",
      "unicode": "e86c",
      "unicode_decimal": 59500
    },
    {
      "icon_id": "20539894",
      "name": "T型开关A-B",
      "font_class": "TxingkaiguanA-B",
      "unicode": "e96c",
      "unicode_decimal": 59756
    },
    {
      "icon_id": "20539639",
      "name": "规划抽水蓄能电厂",
      "font_class": "guihuachoushuixunengdianchang",
      "unicode": "e86d",
      "unicode_decimal": 59501
    },
    {
      "icon_id": "20539895",
      "name": "T型开关B-C",
      "font_class": "TxingkaiguanB-C",
      "unicode": "e96d",
      "unicode_decimal": 59757
    },
    {
      "icon_id": "20539640",
      "name": "规划换流站",
      "font_class": "guihuahuanliuzhan",
      "unicode": "e86e",
      "unicode_decimal": 59502
    },
    {
      "icon_id": "20539897",
      "name": "V型开关AB-C",
      "font_class": "VxingkaiguanAB-C",
      "unicode": "e96f",
      "unicode_decimal": 59759
    },
    {
      "icon_id": "20539642",
      "name": "光缆段",
      "font_class": "guanglanduan",
      "unicode": "e870",
      "unicode_decimal": 59504
    },
    {
      "icon_id": "20539643",
      "name": "工井",
      "font_class": "gongjing",
      "unicode": "e871",
      "unicode_decimal": 59505
    },
    {
      "icon_id": "20539644",
      "name": "规划潮汐电厂",
      "font_class": "guihuachaoxidianchang",
      "unicode": "e872",
      "unicode_decimal": 59506
    },
    {
      "icon_id": "20539645",
      "name": "隔离开关（合）",
      "font_class": "gelikaiguanhe",
      "unicode": "e873",
      "unicode_decimal": 59507
    },
    {
      "icon_id": "20539646",
      "name": "电缆分支箱",
      "font_class": "dianlanfenzhixiang",
      "unicode": "e874",
      "unicode_decimal": 59508
    },
    {
      "icon_id": "20539647",
      "name": "电缆防火墙",
      "font_class": "dianlanfanghuoqiang",
      "unicode": "e875",
      "unicode_decimal": 59509
    },
    {
      "icon_id": "20539648",
      "name": "规划垃圾电厂",
      "font_class": "guihualajidianchang",
      "unicode": "e876",
      "unicode_decimal": 59510
    },
    {
      "icon_id": "20539649",
      "name": "规划风力发电站",
      "font_class": "guihuafenglifadianzhan",
      "unicode": "e877",
      "unicode_decimal": 59511
    },
    {
      "icon_id": "20539650",
      "name": "规划火电厂",
      "font_class": "guihuahuodianchang",
      "unicode": "e878",
      "unicode_decimal": 59512
    },
    {
      "icon_id": "20539651",
      "name": "导、地线易舞动区",
      "font_class": "daodixianyiwudongqu",
      "unicode": "e879",
      "unicode_decimal": 59513
    },
    {
      "icon_id": "20539652",
      "name": "故障指示器",
      "font_class": "guzhangzhishiqi",
      "unicode": "e87a",
      "unicode_decimal": 59514
    },
    {
      "icon_id": "20539653",
      "name": "规划串补站",
      "font_class": "guihuachuanbuzhan",
      "unicode": "e87b",
      "unicode_decimal": 59515
    },
    {
      "icon_id": "20539654",
      "name": "规划等离子体电厂",
      "font_class": "guihuadenglizitidianchang",
      "unicode": "e87c",
      "unicode_decimal": 59516
    },
    {
      "icon_id": "20539655",
      "name": "规划开关站",
      "font_class": "guihuakaiguanzhan",
      "unicode": "e87d",
      "unicode_decimal": 59517
    },
    {
      "icon_id": "20539656",
      "name": "规划水电厂",
      "font_class": "guihuashuidianchang",
      "unicode": "e87e",
      "unicode_decimal": 59518
    },
    {
      "icon_id": "20539657",
      "name": "规划核电站",
      "font_class": "guihuahedianzhan",
      "unicode": "e87f",
      "unicode_decimal": 59519
    },
    {
      "icon_id": "20539658",
      "name": "不良地质区",
      "font_class": "buliangdizhiqu",
      "unicode": "e880",
      "unicode_decimal": 59520
    },
    {
      "icon_id": "20539659",
      "name": "断路器（分）",
      "font_class": "duanluqifen",
      "unicode": "e881",
      "unicode_decimal": 59521
    },
    {
      "icon_id": "20539660",
      "name": "规划秸秆电厂",
      "font_class": "guihuajiegandianchang",
      "unicode": "e882",
      "unicode_decimal": 59522
    },
    {
      "icon_id": "20539661",
      "name": "垂直排列cba",
      "font_class": "chuizhipailiecba",
      "unicode": "e883",
      "unicode_decimal": 59523
    },
    {
      "icon_id": "20539662",
      "name": "互不连接的M相绕组",
      "font_class": "hubulianjiedeMxiangraozu",
      "unicode": "e884",
      "unicode_decimal": 59524
    },
    {
      "icon_id": "20539663",
      "name": "环网柜",
      "font_class": "huanwanggui",
      "unicode": "e885",
      "unicode_decimal": 59525
    },
    {
      "icon_id": "20539664",
      "name": "换流站",
      "font_class": "huanliuzhan",
      "unicode": "e886",
      "unicode_decimal": 59526
    },
    {
      "icon_id": "20539665",
      "name": "计量器",
      "font_class": "jiliangqi",
      "unicode": "e887",
      "unicode_decimal": 59527
    },
    {
      "icon_id": "20539666",
      "name": "互不连接的三相绕组",
      "font_class": "hubulianjiedesanxiangraozu",
      "unicode": "e888",
      "unicode_decimal": 59528
    },
    {
      "icon_id": "20539667",
      "name": "环网箱式变",
      "font_class": "huanwangxiangshibian",
      "unicode": "e889",
      "unicode_decimal": 59529
    },
    {
      "icon_id": "20539668",
      "name": "架空交接箱",
      "font_class": "jiakongjiaojiexiang",
      "unicode": "e88a",
      "unicode_decimal": 59530
    },
    {
      "icon_id": "20539669",
      "name": "计量表计",
      "font_class": "jiliangbiaoji",
      "unicode": "e88b",
      "unicode_decimal": 59531
    },
    {
      "icon_id": "20539671",
      "name": "检修）",
      "font_class": "jianxiu",
      "unicode": "e88d",
      "unicode_decimal": 59533
    },
    {
      "icon_id": "20539673",
      "name": "接触器（分）",
      "font_class": "jiechuqifen",
      "unicode": "e88f",
      "unicode_decimal": 59535
    },
    {
      "icon_id": "20539674",
      "name": "交流发电机",
      "font_class": "jiaoliufadianji",
      "unicode": "e890",
      "unicode_decimal": 59536
    },
    {
      "icon_id": "20539675",
      "name": "间隙",
      "font_class": "jianxi",
      "unicode": "e891",
      "unicode_decimal": 59537
    },
    {
      "icon_id": "20539677",
      "name": "接触器（合）",
      "font_class": "jiechuqihe",
      "unicode": "e893",
      "unicode_decimal": 59539
    },
    {
      "icon_id": "20539678",
      "name": "接地刀闸（分）",
      "font_class": "jiedidaozhafen",
      "unicode": "e894",
      "unicode_decimal": 59540
    },
    {
      "icon_id": "20539679",
      "name": "接地",
      "font_class": "jiedi",
      "unicode": "e895",
      "unicode_decimal": 59541
    },
    {
      "icon_id": "20539680",
      "name": "进户点",
      "font_class": "jinhudian",
      "unicode": "e896",
      "unicode_decimal": 59542
    },
    {
      "icon_id": "20539681",
      "name": "接地电阻",
      "font_class": "jiedidianzu",
      "unicode": "e897",
      "unicode_decimal": 59543
    },
    {
      "icon_id": "20539682",
      "name": "局用站点",
      "font_class": "juyongzhandian",
      "unicode": "e898",
      "unicode_decimal": 59544
    },
    {
      "icon_id": "20539684",
      "name": "接地刀闸（合）",
      "font_class": "jiedidaozhahe",
      "unicode": "e89a",
      "unicode_decimal": 59546
    },
    {
      "icon_id": "20539686",
      "name": "接地变压器（曲折形连接）",
      "font_class": "jiedibianyaqiquzhexinglianjie",
      "unicode": "e89c",
      "unicode_decimal": 59548
    },
    {
      "icon_id": "20539687",
      "name": "静止无功补偿器",
      "font_class": "jingzhiwugongbuchangqi",
      "unicode": "e89d",
      "unicode_decimal": 59549
    },
    {
      "icon_id": "20539688",
      "name": "可拆卸固定接头",
      "font_class": "kechaixiegudingjietou",
      "unicode": "e89e",
      "unicode_decimal": 59550
    },
    {
      "icon_id": "20539691",
      "name": "可调电容器",
      "font_class": "ketiaodianrongqi",
      "unicode": "e8a1",
      "unicode_decimal": 59553
    },
    {
      "icon_id": "20539692",
      "name": "开断符",
      "font_class": "kaiduanfu",
      "unicode": "e8a2",
      "unicode_decimal": 59554
    },
    {
      "icon_id": "20539693",
      "name": "开关站",
      "font_class": "kaiguanzhan",
      "unicode": "e8a3",
      "unicode_decimal": 59555
    },
    {
      "icon_id": "20539695",
      "name": "两相四端绕组02",
      "font_class": "liangxiangsiduanraozu02",
      "unicode": "e8a5",
      "unicode_decimal": 59557
    },
    {
      "icon_id": "20539696",
      "name": "两相四端绕组",
      "font_class": "liangxiangsiduanraozu",
      "unicode": "e8a6",
      "unicode_decimal": 59558
    },
    {
      "icon_id": "20539698",
      "name": "连接线",
      "font_class": "lianjiexian",
      "unicode": "e8a8",
      "unicode_decimal": 59560
    },
    {
      "icon_id": "20539699",
      "name": "两相两个次级绕组电流互感器",
      "font_class": "liangxianglianggecijiraozudianliuhuganqi",
      "unicode": "e8a9",
      "unicode_decimal": 59561
    },
    {
      "icon_id": "20539702",
      "name": "六个独立个绕组",
      "font_class": "liugeduligeraozu",
      "unicode": "e8ac",
      "unicode_decimal": 59564
    },
    {
      "icon_id": "20539703",
      "name": "母线",
      "font_class": "muxian",
      "unicode": "e8ad",
      "unicode_decimal": 59565
    },
    {
      "icon_id": "20539705",
      "name": "耦合电容器",
      "font_class": "ouhedianrongqi",
      "unicode": "e8af",
      "unicode_decimal": 59567
    },
    {
      "icon_id": "20539707",
      "name": "木杆",
      "font_class": "mugan",
      "unicode": "e8b1",
      "unicode_decimal": 59569
    },
    {
      "icon_id": "20539708",
      "name": "两相一个次级绕组电流互感器",
      "font_class": "liangxiangyigecijiraozudianliuhuganqi",
      "unicode": "e8b2",
      "unicode_decimal": 59570
    },
    {
      "icon_id": "20539710",
      "name": "林竹区",
      "font_class": "linzhuqu",
      "unicode": "e8b4",
      "unicode_decimal": 59572
    },
    {
      "icon_id": "20539711",
      "name": "落地交接箱",
      "font_class": "ladijiaojiexiang",
      "unicode": "e8b5",
      "unicode_decimal": 59573
    },
    {
      "icon_id": "20539714",
      "name": "其他特殊区",
      "font_class": "qitateshuqu",
      "unicode": "e8b8",
      "unicode_decimal": 59576
    },
    {
      "icon_id": "20539715",
      "name": "配电站（室）",
      "font_class": "peidianzhanshi",
      "unicode": "e8b9",
      "unicode_decimal": 59577
    },
    {
      "icon_id": "20539716",
      "name": "曲折形或互联星形的三相绕组",
      "font_class": "quzhexinghuohulianxingxingdesanxiangraozu",
      "unicode": "e8ba",
      "unicode_decimal": 59578
    },
    {
      "icon_id": "20539718",
      "name": "盘留",
      "font_class": "panliu",
      "unicode": "e8bc",
      "unicode_decimal": 59580
    },
    {
      "icon_id": "20539719",
      "name": "鸟害多发区",
      "font_class": "niaohaiduofaqu",
      "unicode": "e8bd",
      "unicode_decimal": 59581
    },
    {
      "icon_id": "20539720",
      "name": "熔断器",
      "font_class": "rongduanqi",
      "unicode": "e8be",
      "unicode_decimal": 59582
    },
    {
      "icon_id": "20539721",
      "name": "熔断式断路器（合）",
      "font_class": "rongduanshiduanluqihe",
      "unicode": "e8bf",
      "unicode_decimal": 59583
    },
    {
      "icon_id": "20539722",
      "name": "熔断式断路器（分）",
      "font_class": "rongduanshiduanluqifen",
      "unicode": "e8c0",
      "unicode_decimal": 59584
    },
    {
      "icon_id": "20539723",
      "name": "熔断式开关（合）",
      "font_class": "rongduanshikaiguanhe",
      "unicode": "e8c1",
      "unicode_decimal": 59585
    },
    {
      "icon_id": "20539724",
      "name": "熔断式隔离开关（合）",
      "font_class": "rongduanshigelikaiguanhe",
      "unicode": "e8c2",
      "unicode_decimal": 59586
    },
    {
      "icon_id": "20539725",
      "name": "熔断式负荷开关（合）",
      "font_class": "rongduanshifuhekaiguanhe",
      "unicode": "e8c3",
      "unicode_decimal": 59587
    },
    {
      "icon_id": "20539726",
      "name": "熔断式负荷开关（分）",
      "font_class": "rongduanshifuhekaiguanfen",
      "unicode": "e8c4",
      "unicode_decimal": 59588
    },
    {
      "icon_id": "20539727",
      "name": "三个独立个绕组",
      "font_class": "sangeduligeraozu",
      "unicode": "e8c5",
      "unicode_decimal": 59589
    },
    {
      "icon_id": "20539728",
      "name": "熔断式开关（分）",
      "font_class": "rongduanshikaiguanfen",
      "unicode": "e8c6",
      "unicode_decimal": 59590
    },
    {
      "icon_id": "20539729",
      "name": "三工位开关（分）",
      "font_class": "sangongweikaiguanfen",
      "unicode": "e8c7",
      "unicode_decimal": 59591
    },
    {
      "icon_id": "20539730",
      "name": "熔断式隔离开关（分）",
      "font_class": "rongduanshigelikaiguanfen",
      "unicode": "e8c8",
      "unicode_decimal": 59592
    },
    {
      "icon_id": "20539731",
      "name": "三联杆（钢管杆）",
      "font_class": "sanliangangangguangan",
      "unicode": "e8c9",
      "unicode_decimal": 59593
    },
    {
      "icon_id": "20539732",
      "name": "三角形排列cba",
      "font_class": "sanjiaoxingpailiecba",
      "unicode": "e8ca",
      "unicode_decimal": 59594
    },
    {
      "icon_id": "20539733",
      "name": "三工位开关（接地）",
      "font_class": "sangongweikaiguanjiedi",
      "unicode": "e8cb",
      "unicode_decimal": 59595
    },
    {
      "icon_id": "20539734",
      "name": "三角形排列abc",
      "font_class": "sanjiaoxingpailieabc",
      "unicode": "e8cc",
      "unicode_decimal": 59596
    },
    {
      "icon_id": "20539735",
      "name": "三角形排列bac",
      "font_class": "sanjiaoxingpailiebac",
      "unicode": "e8cd",
      "unicode_decimal": 59597
    },
    {
      "icon_id": "20539736",
      "name": "三工位开关（合）",
      "font_class": "sangongweikaiguanhe",
      "unicode": "e8ce",
      "unicode_decimal": 59598
    },
    {
      "icon_id": "20539737",
      "name": "三联杆（木杆）",
      "font_class": "sanlianganmugan",
      "unicode": "e8cf",
      "unicode_decimal": 59599
    },
    {
      "icon_id": "20539738",
      "name": "三绕组变压器YNdy（中性点引出星形-三角形-星形连接）",
      "font_class": "sanraozubianyaqiYNdyzhongxingdianyinchuxingxing-sanjiaoxing-xingxinglianjie",
      "unicode": "e8d0",
      "unicode_decimal": 59600
    },
    {
      "icon_id": "20539739",
      "name": "人口密集区",
      "font_class": "renkoumijiqu",
      "unicode": "e8d1",
      "unicode_decimal": 59601
    },
    {
      "icon_id": "20539740",
      "name": "三角形排列acb",
      "font_class": "sanjiaoxingpailieacb",
      "unicode": "e8d2",
      "unicode_decimal": 59602
    },
    {
      "icon_id": "20539741",
      "name": "三绕组变压器",
      "font_class": "sanraozubianyaqi",
      "unicode": "e8d3",
      "unicode_decimal": 59603
    },
    {
      "icon_id": "20539742",
      "name": "三绕组电压互感器",
      "font_class": "sanraozudianyahuganqi",
      "unicode": "e8d4",
      "unicode_decimal": 59604
    },
    {
      "icon_id": "20539743",
      "name": "三绕组变压器（三角形-星形-星形连接）",
      "font_class": "sanraozubianyaqisanjiaoxing-xingxing-xingxinglianjie",
      "unicode": "e8d5",
      "unicode_decimal": 59605
    },
    {
      "icon_id": "20539744",
      "name": "上字型排列右acb",
      "font_class": "shangzixingpailieyouacb",
      "unicode": "e8d6",
      "unicode_decimal": 59606
    },
    {
      "icon_id": "20539746",
      "name": "三绕组变压器（中性点引出星形-三角形连接）",
      "font_class": "sanraozubianyaqizhongxingdianyinchuxingxing-sanjiaoxinglianjie",
      "unicode": "e8d8",
      "unicode_decimal": 59608
    },
    {
      "icon_id": "20539747",
      "name": "三绕组变压器YNdy（中性点引出星形-三角形-星形连接）2",
      "font_class": "sanraozubianyaqiYNdyzhongxingdianyinchuxingxing-sanjiaoxing-xingxinglianjie2",
      "unicode": "e8d9",
      "unicode_decimal": 59609
    },
    {
      "icon_id": "20539748",
      "name": "三绕组变压器YNynd（中性点引出星形-星形-三角形连接）2",
      "font_class": "sanraozubianyaqiYNyndzhongxingdianyinchuxingxing-xingxing-sanjiaoxinglianjie2",
      "unicode": "e8da",
      "unicode_decimal": 59610
    },
    {
      "icon_id": "20539749",
      "name": "三绕组变压器（星形-三角形-星形连接）",
      "font_class": "sanraozubianyaqixingxing-sanjiaoxing-xingxinglianjie",
      "unicode": "e8db",
      "unicode_decimal": 59611
    },
    {
      "icon_id": "20539750",
      "name": "三绕组变压器（星形-星形-三角形连接）",
      "font_class": "sanraozubianyaqixingxing-xingxing-sanjiaoxinglianjie",
      "unicode": "e8dc",
      "unicode_decimal": 59612
    },
    {
      "icon_id": "20539752",
      "name": "三绕组变压器YNynd（中性点引出星形-星形-三角形连接）",
      "font_class": "sanraozubianyaqiYNyndzhongxingdianyinchuxingxing-xingxing-sanjiaoxinglianjie",
      "unicode": "e8de",
      "unicode_decimal": 59614
    },
    {
      "icon_id": "20539754",
      "name": "上字型排列右bac",
      "font_class": "shangzixingpailieyoubac",
      "unicode": "e8e0",
      "unicode_decimal": 59616
    },
    {
      "icon_id": "20539755",
      "name": "三角形排列bca",
      "font_class": "sanjiaoxingpailiebca",
      "unicode": "e8e1",
      "unicode_decimal": 59617
    },
    {
      "icon_id": "20539756",
      "name": "上字型排列右abc",
      "font_class": "shangzixingpailieyouabc",
      "unicode": "e8e2",
      "unicode_decimal": 59618
    },
    {
      "icon_id": "20539757",
      "name": "沙丘区",
      "font_class": "shaqiuqu",
      "unicode": "e8e3",
      "unicode_decimal": 59619
    },
    {
      "icon_id": "20539758",
      "name": "三联杆（水泥杆）",
      "font_class": "sanlianganshuinigan",
      "unicode": "e8e4",
      "unicode_decimal": 59620
    },
    {
      "icon_id": "20539759",
      "name": "双绕组变压器（有载调压）",
      "font_class": "shuangraozubianyaqiyouzaitiaoya",
      "unicode": "e8e5",
      "unicode_decimal": 59621
    },
    {
      "icon_id": "20539760",
      "name": "上字型排列左cba",
      "font_class": "shangzixingpailiezuocba",
      "unicode": "e8e6",
      "unicode_decimal": 59622
    },
    {
      "icon_id": "20539761",
      "name": "上字型排列右cba",
      "font_class": "shangzixingpailieyoucba",
      "unicode": "e8e7",
      "unicode_decimal": 59623
    },
    {
      "icon_id": "20539763",
      "name": "上字型排列左cab",
      "font_class": "shangzixingpailiezuocab",
      "unicode": "e8e9",
      "unicode_decimal": 59625
    },
    {
      "icon_id": "20539764",
      "name": "手车刀闸（分）",
      "font_class": "shouchedaozhafen",
      "unicode": "e8ea",
      "unicode_decimal": 59626
    },
    {
      "icon_id": "20539765",
      "name": "双向隔离开关（右）",
      "font_class": "shuangxianggelikaiguanyou",
      "unicode": "e8eb",
      "unicode_decimal": 59627
    },
    {
      "icon_id": "20539766",
      "name": "手车刀闸（合）",
      "font_class": "shouchedaozhahe",
      "unicode": "e8ec",
      "unicode_decimal": 59628
    },
    {
      "icon_id": "20539767",
      "name": "双联杆（水泥杆）",
      "font_class": "shuanglianganshuinigan",
      "unicode": "e8ed",
      "unicode_decimal": 59629
    },
    {
      "icon_id": "20539768",
      "name": "手车开关（分）",
      "font_class": "shouchekaiguanfen",
      "unicode": "e8ee",
      "unicode_decimal": 59630
    },
    {
      "icon_id": "20539769",
      "name": "双绕组电压互感器",
      "font_class": "shuangraozudianyahuganqi",
      "unicode": "e8ef",
      "unicode_decimal": 59631
    },
    {
      "icon_id": "20539771",
      "name": "双联杆（钢管杆）",
      "font_class": "shuangliangangangguangan",
      "unicode": "e8f1",
      "unicode_decimal": 59633
    },
    {
      "icon_id": "20539772",
      "name": "双绕组变压器",
      "font_class": "shuangraozubianyaqi",
      "unicode": "e8f2",
      "unicode_decimal": 59634
    },
    {
      "icon_id": "20539773",
      "name": "双绕组变压器（具有分接开关）",
      "font_class": "shuangraozubianyaqijuyoufenjiekaiguan",
      "unicode": "e8f3",
      "unicode_decimal": 59635
    },
    {
      "icon_id": "20539774",
      "name": "上字型排列左bac",
      "font_class": "shangzixingpailiezuobac",
      "unicode": "e8f4",
      "unicode_decimal": 59636
    },
    {
      "icon_id": "20539776",
      "name": "双绕组变压器（具有4个抽头星形-星形连接）",
      "font_class": "shuangraozubianyaqijuyou4gechoutouxingxing-xingxinglianjie",
      "unicode": "e8f6",
      "unicode_decimal": 59638
    },
    {
      "icon_id": "20539777",
      "name": "上字型排列右cab",
      "font_class": "shangzixingpailieyoucab",
      "unicode": "e8f7",
      "unicode_decimal": 59639
    },
    {
      "icon_id": "20539778",
      "name": "上字型排列左abc",
      "font_class": "shangzixingpailiezuoabc",
      "unicode": "e8f8",
      "unicode_decimal": 59640
    },
    {
      "icon_id": "20539779",
      "name": "双绕组变压器（曲折形-星形）",
      "font_class": "shuangraozubianyaqiquzhexing-xingxing",
      "unicode": "e8f9",
      "unicode_decimal": 59641
    },
    {
      "icon_id": "20539780",
      "name": "双绕组变压器（三星形-星形连接）",
      "font_class": "shuangraozubianyaqisanxingxing-xingxinglianjie",
      "unicode": "e8fa",
      "unicode_decimal": 59642
    },
    {
      "icon_id": "20539781",
      "name": "上字型排列左bca",
      "font_class": "shangzixingpailiezuobca",
      "unicode": "e8fb",
      "unicode_decimal": 59643
    },
    {
      "icon_id": "20539783",
      "name": "双绕组变压器YNd（中性点引出星形-三角形连接）2",
      "font_class": "shuangraozubianyaqiYNdzhongxingdianyinchuxingxing-sanjiaoxinglianjie2",
      "unicode": "e8fd",
      "unicode_decimal": 59645
    },
    {
      "icon_id": "20539784",
      "name": "双绕组变压器（星形-星形连接）",
      "font_class": "shuangraozubianyaqixingxing-xingxinglianjie",
      "unicode": "e8fe",
      "unicode_decimal": 59646
    },
    {
      "icon_id": "20539785",
      "name": "上字型排列左acb",
      "font_class": "shangzixingpailiezuoacb",
      "unicode": "e8ff",
      "unicode_decimal": 59647
    },
    {
      "icon_id": "20539786",
      "name": "双绕组变压器Dyn（中性点引出三角形-星形连接）",
      "font_class": "shuangraozubianyaqiDynzhongxingdianyinchusanjiaoxing-xingxinglianjie",
      "unicode": "e900",
      "unicode_decimal": 59648
    },
    {
      "icon_id": "20539787",
      "name": "手车开关（合）",
      "font_class": "shouchekaiguanhe",
      "unicode": "e901",
      "unicode_decimal": 59649
    },
    {
      "icon_id": "20539788",
      "name": "双绕组变压器（绕组间有屏蔽）",
      "font_class": "shuangraozubianyaqiraozujianyoupingbi",
      "unicode": "e902",
      "unicode_decimal": 59650
    },
    {
      "icon_id": "20539789",
      "name": "手车压变（带熔断器）",
      "font_class": "shoucheyabiandairongduanqi",
      "unicode": "e903",
      "unicode_decimal": 59651
    },
    {
      "icon_id": "20539790",
      "name": "三相两个次级绕组电流互感器",
      "font_class": "sanxianglianggecijiraozudianliuhuganqi",
      "unicode": "e904",
      "unicode_decimal": 59652
    },
    {
      "icon_id": "20539791",
      "name": "双联杆（木杆）",
      "font_class": "shuanglianganmugan",
      "unicode": "e905",
      "unicode_decimal": 59653
    },
    {
      "icon_id": "20539792",
      "name": "双绕组变压器Yd（中性点引出星形-三角形连接）2",
      "font_class": "shuangraozubianyaqiYdzhongxingdianyinchuxingxing-sanjiaoxinglianjie2",
      "unicode": "e906",
      "unicode_decimal": 59654
    }
  ]
}
