{
  "id": "1331132",
  "name": "常用图标",
  "font_family": "ticon",
  "css_prefix_text": "ticon-",
  "description": "",
  "glyphs": [
    {
      "icon_id": "792438",
      "name": "cube-立方体",
      "font_class": "cube",
      "unicode": "e6fc",
      "unicode_decimal": 59132
    },
    {
      "icon_id": "10182255",
      "name": "up-down",
      "font_class": "up-down",
      "unicode": "e623",
      "unicode_decimal": 58915
    },
    {
      "icon_id": "1404488",
      "name": "tip-website",
      "font_class": "website",
      "unicode": "e70f",
      "unicode_decimal": 59151
    },
    {
      "icon_id": "544540",
      "name": "ios-alarm-outline",
      "font_class": "clock",
      "unicode": "e75c",
      "unicode_decimal": 59228
    },
    {
      "icon_id": "544587",
      "name": "ios-camera-outline",
      "font_class": "camera",
      "unicode": "e78a",
      "unicode_decimal": 59274
    },
    {
      "icon_id": "544801",
      "name": "ios-settings",
      "font_class": "flow",
      "unicode": "e85a",
      "unicode_decimal": 59482
    },
    {
      "icon_id": "544827",
      "name": "ios-timer-outline",
      "font_class": "dashboard1",
      "unicode": "e873",
      "unicode_decimal": 59507
    },
    {
      "icon_id": "544966",
      "name": "social-github-outline",
      "font_class": "github",
      "unicode": "e8fd",
      "unicode_decimal": 59645
    },
    {
      "icon_id": "544608",
      "name": "ios-cloud-upload-outline",
      "font_class": "upload",
      "unicode": "e79f",
      "unicode_decimal": 59295
    },
    {
      "icon_id": "544605",
      "name": "ios-cloud-download-outline",
      "font_class": "download",
      "unicode": "e79c",
      "unicode_decimal": 59292
    },
    {
      "icon_id": "10139999",
      "name": "analytics-graph-bar",
      "font_class": "analytics",
      "unicode": "e6a5",
      "unicode_decimal": 59045
    },
    {
      "icon_id": "537167",
      "name": "stop",
      "font_class": "stop",
      "unicode": "e619",
      "unicode_decimal": 58905
    },
    {
      "icon_id": "548093",
      "name": "stop",
      "font_class": "stop1",
      "unicode": "e622",
      "unicode_decimal": 58914
    },
    {
      "icon_id": "746219",
      "name": "客服",
      "font_class": "kefu",
      "unicode": "e658",
      "unicode_decimal": 58968
    },
    {
      "icon_id": "632219",
      "name": "exit",
      "font_class": "exit1",
      "unicode": "e6ab",
      "unicode_decimal": 59051
    },
    {
      "icon_id": "310677",
      "name": "enter",
      "font_class": "enter",
      "unicode": "e63d",
      "unicode_decimal": 58941
    },
    {
      "icon_id": "372159",
      "name": "cc-exit",
      "font_class": "exit",
      "unicode": "e641",
      "unicode_decimal": 58945
    },
    {
      "icon_id": "1026474",
      "name": "share",
      "font_class": "share",
      "unicode": "e620",
      "unicode_decimal": 58912
    },
    {
      "icon_id": "738922",
      "name": "we-chat",
      "font_class": "wechat",
      "unicode": "e646",
      "unicode_decimal": 58950
    },
    {
      "icon_id": "792325",
      "name": "pay6-支付",
      "font_class": "pay6",
      "unicode": "e68f",
      "unicode_decimal": 59023
    },
    {
      "icon_id": "792328",
      "name": "pay3-支付",
      "font_class": "pay3",
      "unicode": "e691",
      "unicode_decimal": 59025
    },
    {
      "icon_id": "1049698",
      "name": "weibo",
      "font_class": "weibo",
      "unicode": "e63e",
      "unicode_decimal": 58942
    },
    {
      "icon_id": "4472520",
      "name": "message",
      "font_class": "message",
      "unicode": "e729",
      "unicode_decimal": 59177
    },
    {
      "icon_id": "109718",
      "name": "app",
      "font_class": "app",
      "unicode": "e618",
      "unicode_decimal": 58904
    },
    {
      "icon_id": "737964",
      "name": "shopping-cart-o",
      "font_class": "shoppingcart",
      "unicode": "e62e",
      "unicode_decimal": 58926
    },
    {
      "icon_id": "564935",
      "name": "people",
      "font_class": "people",
      "unicode": "e651",
      "unicode_decimal": 58961
    },
    {
      "icon_id": "792297",
      "name": "people-2-个人",
      "font_class": "people2geren",
      "unicode": "e673",
      "unicode_decimal": 58995
    },
    {
      "icon_id": "792320",
      "name": "people-4-个人",
      "font_class": "people4geren",
      "unicode": "e68a",
      "unicode_decimal": 59018
    },
    {
      "icon_id": "5653301",
      "name": "监控",
      "font_class": "jiankong",
      "unicode": "e61e",
      "unicode_decimal": 58910
    },
    {
      "icon_id": "5173676",
      "name": "CPU",
      "font_class": "cpu",
      "unicode": "e61f",
      "unicode_decimal": 58911
    },
    {
      "icon_id": "508878",
      "name": "IOT",
      "font_class": "iot",
      "unicode": "e627",
      "unicode_decimal": 58919
    },
    {
      "icon_id": "9234955",
      "name": "iot",
      "font_class": "iot1",
      "unicode": "e611",
      "unicode_decimal": 58897
    },
    {
      "icon_id": "10165076",
      "name": "IOT",
      "font_class": "iot2",
      "unicode": "e617",
      "unicode_decimal": 58903
    },
    {
      "icon_id": "310787",
      "name": "warning",
      "font_class": "warning",
      "unicode": "e6a9",
      "unicode_decimal": 59049
    },
    {
      "icon_id": "1226475",
      "name": "error",
      "font_class": "error",
      "unicode": "e6b1",
      "unicode_decimal": 59057
    },
    {
      "icon_id": "1226477",
      "name": "success",
      "font_class": "success",
      "unicode": "e6b3",
      "unicode_decimal": 59059
    },
    {
      "icon_id": "141610",
      "name": "document",
      "font_class": "document",
      "unicode": "e707",
      "unicode_decimal": 59143
    },
    {
      "icon_id": "4472463",
      "name": "folder",
      "font_class": "folder",
      "unicode": "e70e",
      "unicode_decimal": 59150
    },
    {
      "icon_id": "9022840",
      "name": "List-Doc",
      "font_class": "list",
      "unicode": "e610",
      "unicode_decimal": 58896
    },
    {
      "icon_id": "1665247",
      "name": "power",
      "font_class": "kaiguan",
      "unicode": "e67f",
      "unicode_decimal": 59007
    },
    {
      "icon_id": "3234740",
      "name": "search",
      "font_class": "search",
      "unicode": "e60f",
      "unicode_decimal": 58895
    },
    {
      "icon_id": "141345",
      "name": "185036 - remote control streamline",
      "font_class": "remote-control",
      "unicode": "e607",
      "unicode_decimal": 58887
    },
    {
      "icon_id": "141346",
      "name": "185037 - browser streamline window",
      "font_class": "browser",
      "unicode": "e60b",
      "unicode_decimal": 58891
    },
    {
      "icon_id": "141364",
      "name": "185055 - painting pallet streamline",
      "font_class": "185055paintingpalletstreamline",
      "unicode": "e61b",
      "unicode_decimal": 58907
    },
    {
      "icon_id": "141365",
      "name": "185038 - home house streamline",
      "font_class": "house",
      "unicode": "e61c",
      "unicode_decimal": 58908
    },
    {
      "icon_id": "141367",
      "name": "185040 - map pin streamline",
      "font_class": "map",
      "unicode": "e61d",
      "unicode_decimal": 58909
    },
    {
      "icon_id": "141387",
      "name": "185069 - headset sound streamline",
      "font_class": "sound",
      "unicode": "e631",
      "unicode_decimal": 58929
    },
    {
      "icon_id": "141396",
      "name": "185087 - link streamline",
      "font_class": "link",
      "unicode": "e63a",
      "unicode_decimal": 58938
    },
    {
      "icon_id": "141413",
      "name": "185104 - streamline umbrella weather",
      "font_class": "umbrella",
      "unicode": "e64b",
      "unicode_decimal": 58955
    },
    {
      "icon_id": "141420",
      "name": "185093 - dashboard speed streamline",
      "font_class": "dashboard",
      "unicode": "e653",
      "unicode_decimal": 58963
    },
    {
      "icon_id": "141422",
      "name": "185095 - settings streamline",
      "font_class": "settings",
      "unicode": "e654",
      "unicode_decimal": 58964
    },
    {
      "icon_id": "141425",
      "name": "185098 - streamline sync",
      "font_class": "sync",
      "unicode": "e657",
      "unicode_decimal": 58967
    },
    {
      "icon_id": "2660611",
      "name": "Data-Stream",
      "font_class": "data-stream",
      "unicode": "ebd3",
      "unicode_decimal": 60371
    },
    {
      "icon_id": "5473632",
      "name": "Streaming",
      "font_class": "streaming",
      "unicode": "e8f9",
      "unicode_decimal": 59641
    },
    {
      "icon_id": "7152304",
      "name": "185070 - micro record streamline",
      "font_class": "record",
      "unicode": "e60d",
      "unicode_decimal": 58893
    },
    {
      "icon_id": "7385584",
      "name": "StreamSQL",
      "font_class": "streamSQL",
      "unicode": "e6d3",
      "unicode_decimal": 59091
    },
    {
      "icon_id": "980625",
      "name": "ios-locked-outline",
      "font_class": "locked",
      "unicode": "e791",
      "unicode_decimal": 59281
    },
    {
      "icon_id": "544835",
      "name": "ios-unlocked-outline",
      "font_class": "unlocked",
      "unicode": "e87b",
      "unicode_decimal": 59515
    },
    {
      "icon_id": "425759",
      "name": "api",
      "font_class": "api",
      "unicode": "e616",
      "unicode_decimal": 58902
    },
    {
      "icon_id": "631228",
      "name": "email",
      "font_class": "email",
      "unicode": "e67c",
      "unicode_decimal": 59004
    },
    {
      "icon_id": "3155138",
      "name": "api assembly",
      "font_class": "apiassembly",
      "unicode": "e67d",
      "unicode_decimal": 59005
    },
    {
      "icon_id": "5308701",
      "name": "Api",
      "font_class": "api1",
      "unicode": "e603",
      "unicode_decimal": 58883
    },
    {
      "icon_id": "5368301",
      "name": "API",
      "font_class": "api2",
      "unicode": "e75d",
      "unicode_decimal": 59229
    },
    {
      "icon_id": "703205",
      "name": "nodejs",
      "font_class": "nodejs",
      "unicode": "e989",
      "unicode_decimal": 59785
    },
    {
      "icon_id": "869802",
      "name": "java",
      "font_class": "java",
      "unicode": "e746",
      "unicode_decimal": 59206
    },
    {
      "icon_id": "2243884",
      "name": "safe",
      "font_class": "safe",
      "unicode": "e727",
      "unicode_decimal": 59175
    },
    {
      "icon_id": "2630854",
      "name": "html",
      "font_class": "html",
      "unicode": "e606",
      "unicode_decimal": 58886
    },
    {
      "icon_id": "3976772",
      "name": "python",
      "font_class": "python",
      "unicode": "e60e",
      "unicode_decimal": 58894
    },
    {
      "icon_id": "4630923",
      "name": "docker",
      "font_class": "docker",
      "unicode": "e689",
      "unicode_decimal": 59017
    },
    {
      "icon_id": "6928691",
      "name": "golang描边",
      "font_class": "golang",
      "unicode": "e615",
      "unicode_decimal": 58901
    },
    {
      "icon_id": "7871082",
      "name": "k8s",
      "font_class": "ks",
      "unicode": "e685",
      "unicode_decimal": 59013
    },
    {
      "icon_id": "9230832",
      "name": "云计算",
      "font_class": "cloud-code",
      "unicode": "e690",
      "unicode_decimal": 59024
    },
    {
      "icon_id": "681280",
      "name": "无框 rocketmq",
      "font_class": "rocketmq",
      "unicode": "e6aa",
      "unicode_decimal": 59050
    },
    {
      "icon_id": "3453874",
      "name": "kafka",
      "font_class": "kafka",
      "unicode": "e604",
      "unicode_decimal": 58884
    },
    {
      "icon_id": "5638789",
      "name": "服务器",
      "font_class": "fuwuqi",
      "unicode": "e614",
      "unicode_decimal": 58900
    },
    {
      "icon_id": "8402093",
      "name": "rabbitmq",
      "font_class": "rabbitmq",
      "unicode": "e61a",
      "unicode_decimal": 58906
    },
    {
      "icon_id": "8559159",
      "name": "cassandra1",
      "font_class": "cassandra",
      "unicode": "e621",
      "unicode_decimal": 58913
    },
    {
      "icon_id": "1897434",
      "name": "MongoDB 20",
      "font_class": "MongoDB",
      "unicode": "e6f0",
      "unicode_decimal": 59120
    },
    {
      "icon_id": "3078935",
      "name": "hbase",
      "font_class": "hbase",
      "unicode": "e67b",
      "unicode_decimal": 59003
    },
    {
      "icon_id": "3346531",
      "name": "redis",
      "font_class": "redis",
      "unicode": "e682",
      "unicode_decimal": 59010
    },
    {
      "icon_id": "4360902",
      "name": "sql serve表",
      "font_class": "sql",
      "unicode": "e718",
      "unicode_decimal": 59160
    },
    {
      "icon_id": "8775080",
      "name": "mysql",
      "font_class": "mysql",
      "unicode": "e652",
      "unicode_decimal": 58962
    },
    {
      "icon_id": "9667744",
      "name": "pgsql",
      "font_class": "pgsql",
      "unicode": "e706",
      "unicode_decimal": 59142
    },
    {
      "icon_id": "857664",
      "name": "并行数据挖掘",
      "font_class": "parallel",
      "unicode": "e748",
      "unicode_decimal": 59208
    },
    {
      "icon_id": "3439100",
      "name": "数据",
      "font_class": "db",
      "unicode": "e645",
      "unicode_decimal": 58949
    },
    {
      "icon_id": "5878221",
      "name": "数据",
      "font_class": "data1",
      "unicode": "e761",
      "unicode_decimal": 59233
    },
    {
      "icon_id": "6078988",
      "name": "数据",
      "font_class": "data3",
      "unicode": "e609",
      "unicode_decimal": 58889
    },
    {
      "icon_id": "6688290",
      "name": "数据",
      "font_class": "data2",
      "unicode": "e60c",
      "unicode_decimal": 58892
    },
    {
      "icon_id": "7403018",
      "name": "数据",
      "font_class": "data",
      "unicode": "e649",
      "unicode_decimal": 58953
    },
    {
      "icon_id": "2661036",
      "name": "Hub",
      "font_class": "bub",
      "unicode": "ec73",
      "unicode_decimal": 60531
    },
    {
      "icon_id": "669778",
      "name": "座机",
      "font_class": "zuoji",
      "unicode": "e68e",
      "unicode_decimal": 59022
    },
    {
      "icon_id": "1878907",
      "name": "firewall",
      "font_class": "firewall",
      "unicode": "e630",
      "unicode_decimal": 58928
    },
    {
      "icon_id": "4074190",
      "name": "防火墙",
      "font_class": "cloud-firewall",
      "unicode": "e62b",
      "unicode_decimal": 58923
    },
    {
      "icon_id": "5450993",
      "name": "云",
      "font_class": "cloud-server",
      "unicode": "e665",
      "unicode_decimal": 58981
    },
    {
      "icon_id": "6015852",
      "name": "地球",
      "font_class": "earch",
      "unicode": "e608",
      "unicode_decimal": 58888
    },
    {
      "icon_id": "310744",
      "name": "printer",
      "font_class": "printer",
      "unicode": "e67e",
      "unicode_decimal": 59006
    },
    {
      "icon_id": "2661587",
      "name": "Satelite",
      "font_class": "satelite",
      "unicode": "ed48",
      "unicode_decimal": 60744
    },
    {
      "icon_id": "2661588",
      "name": "Satelite-2",
      "font_class": "satelite2",
      "unicode": "ed47",
      "unicode_decimal": 60743
    },
    {
      "icon_id": "2058030",
      "name": "router 路由器",
      "font_class": "router",
      "unicode": "e612",
      "unicode_decimal": 58898
    },
    {
      "icon_id": "5652505",
      "name": "router",
      "font_class": "router2",
      "unicode": "e613",
      "unicode_decimal": 58899
    },
    {
      "icon_id": "2205741",
      "name": "icon-antenna",
      "font_class": "antenna",
      "unicode": "e602",
      "unicode_decimal": 58882
    },
    {
      "icon_id": "3062605",
      "name": "Antenna1",
      "font_class": "antenna2",
      "unicode": "e679",
      "unicode_decimal": 59001
    },
    {
      "icon_id": "8905467",
      "name": "2742784 - antenna network signal wifi wireless",
      "font_class": "antenna3",
      "unicode": "e694",
      "unicode_decimal": 59028
    },
    {
      "icon_id": "4537196",
      "name": "building",
      "font_class": "building",
      "unicode": "e601",
      "unicode_decimal": 58881
    },
    {
      "icon_id": "350533",
      "name": "03.Office",
      "font_class": "office",
      "unicode": "e605",
      "unicode_decimal": 58885
    },
    {
      "icon_id": "76048",
      "name": "ipad",
      "font_class": "ipad",
      "unicode": "e664",
      "unicode_decimal": 58980
    },
    {
      "icon_id": "366531",
      "name": "wifi",
      "font_class": "wifi",
      "unicode": "e637",
      "unicode_decimal": 58935
    },
    {
      "icon_id": "3330934",
      "name": "network",
      "font_class": "network1",
      "unicode": "e64d",
      "unicode_decimal": 58957
    },
    {
      "icon_id": "7576629",
      "name": "network",
      "font_class": "network",
      "unicode": "e63b",
      "unicode_decimal": 58939
    },
    {
      "icon_id": "822339",
      "name": "home",
      "font_class": "home",
      "unicode": "e6ac",
      "unicode_decimal": 59052
    },
    {
      "icon_id": "10115322",
      "name": "cloud",
      "font_class": "cloud",
      "unicode": "e60a",
      "unicode_decimal": 58890
    },
    {
      "icon_id": "3696010",
      "name": "mobile",
      "font_class": "mobile",
      "unicode": "e63c",
      "unicode_decimal": 58940
    },
    {
      "icon_id": "1725069",
      "name": "PC",
      "font_class": "pc",
      "unicode": "e600",
      "unicode_decimal": 58880
    }
  ]
}
